title,rating,Sentiment_score,movieId
102 Dalmatians,4.8,4.393153862,3991
10th & Wolf,6.3,5.199127216,5035
12 Angry Men,9.0,8.037602432,1203
12 Rounds,5.6,4.847429305,61729
12 Years a Slave,8.1,7.048303123,6297
13 Going on 30,6.3,5.517548288,8814
15 Minutes,6.1,4.692688196,4167
16 Blocks,6.6,6.240840307,43936
17 Again,6.4,5.915443893,68135
2 Guns,6.7,5.932997241,103883
20 Dates,5.6,4.205818597,2492
"20,000 Leagues Under the Sea",7.2,6.715866109,7160
200 Cigarettes,6.0,5.184814819,4017
2001: A Space Odyssey,8.3,6.796798172,27434
2016: Obama's America,4.8,3.688114337,89523
21 Grams,7.6,6.372513026,57
21 Jump Street,7.2,6.359187121,93510
22 Jump Street,7.0,5.961973977,112138
25th Hour,7.6,6.773821463,4429
27 Dresses,6.1,4.881413493,2539
28 Days,6.1,5.056967173,3534
28 Days Later,7.5,6.853748047,1259
3 Backyards,5.0,4.286861491,88423
3 Days to Kill,6.2,5.368091763,151
3 Ninjas Kick Back,4.6,5.109894087,80831
3 Strikes,4.7,5.270368494,46967
30 Days of Night,6.6,5.98277807,5524
30 Minutes or Less,6.1,5.046682772,76251
3000 Miles to Graceland,6.0,4.816514243,4159
300: Rise of an Empire,6.2,4.96282166,109673
3:10 to Yuma,7.6,6.606246214,5300
42nd Street,7.3,6.762086493,7080
47 Ronin,6.2,5.167855473,106491
5 Days of War,5.5,4.270844903,93610
50 First Dates,6.8,6.279532186,7293
50/50,7.6,6.893037438,5664
51 Birch Street,7.3,7.425765953,58610
8 Heads in a Duffel Bag,5.4,4.512649964,4685
8 Mile,7.2,6.881250803,5810
88 Minutes,5.9,4.460403,5478
8: The Mormon Proposition,7.1,5.365265585,65633
8MM,6.6,5.785771219,2505
A Home at the End of the World,6.6,6.184442647,27831
A Most Violent Year,6.9,6.0846799,8959
A.I. Artificial Intelligence,7.2,6.074704274,4370
Abandon,4.8,4.350304653,58876
Abandoned,6.3,6.19242082,60766
Abduction,5.1,3.341929417,108445
Aberdeen,7.1,6.888043069,8667
About Schmidt,7.2,5.855522737,72011
About Time,7.8,7.400115967,5255
About a Boy,7.1,6.696155416,91873
Abraham Lincoln: Vampire Hunter,5.9,4.743812621,95207
Absentia,7.2,5.996043061,93819
Absolute Power,6.7,6.299489816,1459
Ace Ventura: When Nature Calls,6.4,5.072741863,3916
Across the Universe,7.3,5.882076783,54190
Action Jackson,5.6,4.880586709,2528
Adam,7.1,6.062372652,2160
Adam Resurrected,6.2,4.920886828,71691
Addicted,5.0,3.429877834,113780
Adore,6.2,5.534964757,2569
Adventureland,6.8,5.825242913,77818
After Earth,4.8,3.131113222,102880
After the Sunset,6.2,5.517024555,8968
Against the Ropes,5.3,4.261420454,7315
Agent Cody Banks,5.1,4.373086261,8641
Agent Cody Banks 2: Destination London,4.6,4.045959921,72605
Agora,7.1,6.542518435,74624
Air Bud,5.3,4.832812315,2530
Air Force One,6.5,5.745924761,1608
Airplane!,7.7,7.192888937,1952
Akeelah and the Bee,7.4,6.747561828,2888
Aladdin,8.0,7.451984537,2883
Albert Nobbs,6.7,5.484769119,8800
Albino Alligator,6.1,5.328933396,101
Alex Cross,5.2,3.866391578,7366
Alexander,5.6,4.377458802,8977
"Alexander and the Terrible, Horrible, No Good, Very Bad Day",6.2,5.383226978,4030
Alexander's Ragtime Band,6.8,6.458580649,7256
Alfie,6.2,5.245634756,4191
Ali,6.7,5.552840643,5009
Alice in Wonderland,6.4,5.272652574,1032
Alien,8.5,7.859861974,94469
Aliens in the Attic,5.4,4.983297126,70282
Alive,7.1,6.330697835,85414
All Good Things,6.3,5.543223963,116092
All Is Lost,6.9,5.698426722,71327
All That Jazz,7.8,6.931657729,2971
All or Nothing,7.5,6.55713004,6406
All the King's Men,6.1,5.239661018,1942
All the Pretty Horses,5.8,4.512659739,4031
Almost Famous,7.9,7.289521157,3897
Aloft,5.3,4.456492631,33421
Alone in the Dark,2.4,2.352859336,97832
Along Came Polly,6.0,5.654711175,7173
Along Came a Spider,6.4,5.821539053,2115
Alpha and Omega,5.1,4.156586585,26750
Alvin and the Chipmunks,5.3,4.436183732,56176
Alvin and the Chipmunks: Chipwrecked,4.4,3.904322995,91671
Alvin and the Chipmunks: The Squeakquel,4.6,3.761652893,73042
America's Sweethearts,5.7,4.602915081,4639
American Gangster,7.8,6.650693913,55765
American Heist,5.0,3.847111159,3177
American History X,8.5,7.467162141,84615
American Hustle,7.2,6.018856206,106916
American Ninja 2: The Confrontation,5.0,5.05579463,4566
American Outlaws,5.9,4.640220398,56805
American Pie 2,6.4,6.173392805,2694
American Psycho,7.6,6.40235008,69253
American Sniper,7.3,6.174659311,114662
American Splendor,7.4,6.711026962,1914
Amigo,6.4,7.022880188,38435
Amistad,7.3,6.515950711,1693
Among Giants,5.9,5.173605077,1236
Amour,7.9,6.664313565,115151
Anaconda,4.9,4.660359683,1499
Anacondas: The Hunt for the Blood Orchid,4.7,4.57544214,52694
Analyze That,5.9,4.839522529,5900
Analyze This,6.7,6.293109052,30707
Anastasia,7.1,7.171443881,1688
Anchorman 2: The Legend Continues,6.3,4.556113325,107348
Anchorman: The Legend of Ron Burgundy,7.1,5.980639997,31427
Angel Eyes,5.7,4.827619546,4305
Angela's Ashes,7.3,6.444804842,54256
Angels & Demons,6.7,5.753545972,68554
Anna Karenina,6.6,5.842291713,1496
Anna and the King,6.7,6.046688127,3155
Annabelle,5.4,3.723239277,86781
Anne of Green Gables,8.5,8.643360178,8512
Annie,5.4,3.844688525,4039
Annie Get Your Gun,6.9,5.828272433,26142
Annie Hall,8.0,6.947961141,6711
Anonymous,6.8,5.788163453,44665
Another Earth,6.9,5.437894306,89039
Another Happy Day,6.0,4.938391554,89072
Another Year,7.4,6.265734179,3260
Antitrust,6.1,4.603350053,105351
Antiviral,5.7,4.858266649,2947
Antz,6.5,5.833312239,2294
Any Given Sunday,6.9,6.122707628,3173
Anywhere But Here,6.2,5.521596591,4821
Apocalypse Now,8.4,7.501005625,110229
Apocalypto,7.8,6.983029931,48304
Apollo 13,7.7,6.90560116,150
Apollo 18,5.2,4.262412553,4950
Appaloosa,6.7,6.34015281,45
April Fool's Day,6.1,5.618970258,1985
Arachnophobia,6.5,6.18558145,4815
Arbitrage,6.6,6.091696322,104374
Are We There Yet?,4.8,3.554369061,63540
Argo,7.7,6.52536844,97304
Arlington Road,7.2,6.200257568,1390
Armageddon,6.7,5.730542295,1917
Armored,5.7,4.37067909,61348
Army of Darkness,7.4,6.997331493,8966
Around the World in 80 Days,5.9,4.445328164,952
Arthur Christmas,7.1,7.106910455,91414
"As Above, So Below",6.3,5.171458317,106064
As Good as It Gets,7.7,6.504276627,1784
Assassins,6.3,5.97817653,23
Assault on Precinct 13,6.3,5.340313938,43928
Astro Boy,6.2,5.499530092,72209
At First Sight,6.0,5.302806908,2445
Atlantis: The Lost Empire,6.9,6.627522238,4366
Atonement,7.8,7.379223804,31223
August Rush,7.4,7.033845888,110346
August: Osage County,7.2,6.191200432,124859
Austin Powers in Goldmember,6.2,5.468812154,5481
Austin Powers: The Spy Who Shagged Me,6.7,5.665317631,2683
Australia,6.6,5.574271363,63853
Auto Focus,6.7,5.542987883,77421
Autumn in New York,5.6,4.244423972,3824
Avatar,7.9,6.954778331,72998
Awake,6.5,5.82754108,90474
Away We Go,7.0,6.241410025,58627
Babe,6.9,6.477436733,4153
Babe: Pig in the City,5.8,5.135653123,2384
Babel,7.5,6.206897563,80350
Baby Mama,6.0,5.425356654,34534
Baby's Day Out,6.2,5.542881777,5096
Babylon A.D.,5.5,4.471817309,61350
Bachelorette,5.3,3.357954186,3193
Back to the Future,8.5,8.14444091,1407
Back to the Future Part II,7.8,7.003614305,2011
Back to the Future Part III,7.4,6.861906204,2012
Bad Boys,6.8,6.494535764,71535
Bad Boys II,6.6,5.604308538,6548
Bad Company,5.6,4.752839238,384
Bad Teacher,5.7,4.274678882,590
Bad Words,6.6,5.55167792,5347
Baggage Claim,5.1,3.888621073,73023
Baghead,5.4,4.556368461,60044
Bait,5.2,4.3787274,77820
Ballistic: Ecks vs. Sever,3.7,2.158229002,5609
Bamboozled,6.7,5.825758299,92448
Bananas,6.9,6.428169116,75438
Bandidas,5.7,5.140775735,81819
Bandits,6.5,5.579723216,2562
Bandslam,6.3,5.778893222,5918
Bangkok Dangerous,5.3,4.139164777,4868
Barbarella,5.9,5.269692575,105620
Barney's Version,7.3,6.516720434,7169
Barry Lyndon,8.1,7.034063228,127108
Barry Munday,5.8,5.216352843,106450
Basic,6.4,5.504555029,6263
Basic Instinct 2,4.4,3.321398009,44759
Basquiat,6.9,5.877922236,2500
Bathing Beauty,6.4,5.892248106,52952
Batman,7.5,7.038782295,592
Batman,7.5,7.038782295,126775
Batman & Robin,3.8,3.098625025,1562
Batman Begins,8.2,6.93762073,33794
Batman Forever,5.4,4.811663138,153
Batman Returns,7.1,6.506023418,1377
"Batman: The Dark Knight Returns, Part 2",8.3,7.264404935,32300
Bats,4.1,3.983717782,44864
Battle for the Planet of the Apes,5.4,4.999264982,95558
Battle of the Year,5.0,3.287668019,43926
Battlefield Earth,2.5,1.963751068,3593
Battleship,5.8,4.852092367,94018
Be Cool,5.6,4.822830954,32019
Be Kind Rewind,6.4,5.469115252,4749
Beastmaster 2: Through the Portal of Time,4.1,3.095151537,5951
Beasts of the Southern Wild,7.2,6.206726711,750
Beautiful Creatures,6.1,4.885332357,4242
Beauty Shop,5.6,4.480032476,4387
Because I Said So,5.6,4.342272307,50802
Bedazzled,6.1,5.585487827,3968
Bedtime Stories,6.0,5.240621906,65088
Bee Movie,6.1,5.166922944,55768
Beer League,5.9,4.708551469,3094
Before I Go to Sleep,6.3,5.741534374,57370
Before Midnight,7.9,6.769290214,44844
Before Sunrise,8.1,7.089074222,8784
Before Sunset,8.1,7.289295054,6620
Begin Again,7.4,6.344867878,1442
Beginners,7.2,6.588791713,70567
Behind Enemy Lines,6.4,5.426301005,4958
Bella,7.1,6.15695306,3581
Beloved,6.1,4.674682639,2314
Ben-Hur,5.7,4.910929866,1287
Bend It Like Beckham,6.7,5.934050515,106066
Beneath Hill 60,7.0,6.48062198,116215
Beneath the Planet of the Apes,6.0,4.997540353,971
Benji,6.1,5.463083653,3672
Beowulf,6.3,4.886827496,27003
Bernie,6.8,6.546158134,1986
Best in Show,7.5,6.840010454,3792
Better Luck Tomorrow,7.0,5.896464436,6288
Beverly Hills Chihuahua,3.9,3.61439845,1388
Beverly Hills Cop II,6.6,6.171633072,43932
Beverly Hills Cop III,5.5,4.16624961,420
Beyond Borders,6.4,5.455372924,6886
Beyond the Lights,6.8,6.454474958,4682
Beyond the Mat,7.6,6.977809215,3327
Beyond the Sea,6.7,5.961148222,89388
Bicentennial Man,6.9,6.306454777,3156
Big Daddy,6.4,5.83809244,5991
Big Eyes,7.0,6.059191272,2718
Big Fish,8.0,7.199974781,7147
Big Hero 6,7.8,6.706103193,115617
Big Miracle,6.5,5.707129677,92335
Big Momma's House,5.2,4.734188123,4224
Big Momma's House 2,4.8,4.000565088,43558
"Big Mommas: Like Father, Like Son",4.5,4.117369983,87785
Big Trouble,6.4,5.254787789,4774
Big Trouble in Little China,7.2,6.968995709,33672
Bill & Ted's Bogus Journey,6.3,5.740319778,2154
Bill & Ted's Excellent Adventure,6.9,6.854312163,4744
Billy Elliot,7.7,7.289192659,45728
Birth,6.3,4.719830385,70643
Biutiful,7.4,6.606934389,3117
Black Christmas,4.7,4.1025633,3039
Black Hawk Down,7.7,6.748841355,5010
Black Knight,4.9,3.744638005,86817
Black Rain,6.6,5.875475895,78316
Black or White,6.6,6.35777363,5756
Blackhat,5.5,3.772082604,120637
Blackthorn,6.5,6.378683943,5134
Blade,7.1,6.745084151,2167
Blade II,6.7,5.883433346,5254
Blade Runner,8.1,6.685603944,40629
Blade: Trinity,5.8,5.008664602,8985
Blades of Glory,6.3,5.802573779,52245
Blast from the Past,6.7,6.513740019,57526
Blazing Saddles,7.7,7.025203946,4401
Blended,6.5,5.87357743,111617
Bless the Child,5.1,3.997861792,3857
Blindness,6.5,5.625804703,33148
Blonde Ambition,3.9,2.917638313,74647
Blood Diamond,8.0,6.768715097,49530
Blood Done Sign My Name,6.5,6.245418752,8387
Blood Ties,6.5,5.916187101,8830
Blood Work,6.4,5.573578102,5506
BloodRayne,3.0,2.882820579,6955
Bloodsport,6.8,6.385771207,50685
Bloody Sunday,7.6,6.905233882,5632
Blow,7.5,6.93356363,86882
Blue Crush,5.7,5.027957878,80222
Blue Ruin,7.1,6.904077232,111384
Blue Streak,6.4,5.713058233,2860
Body Double,6.8,5.917121761,1115
Body of Lies,7.0,6.067939424,62374
Bogus,5.4,5.605299419,75985
Boiler Room,7.0,6.307551524,3225
Bolt,6.8,6.774221125,63859
Boogeyman,4.2,3.228559395,118700
Boom Town,7.0,6.633135088,93265
Boomerang,5.6,4.573582355,122
Bottle Rocket,6.9,6.241818712,6705
Bottle Shock,6.8,5.822699537,45512
Bound,7.3,6.711353236,5954
Bowfinger,6.5,5.54640211,2770
Bowling for Columbine,8.0,6.81676134,81417
Boyhood,7.9,7.181205635,4553
Boys Don't Cry,7.5,6.59408696,1207
Bran Nue Dae,6.2,5.822918772,114713
Brave,7.1,6.271893745,95167
Braveheart,8.3,7.186897671,110
Breakdown,7.0,6.757651012,1518
Breakfast of Champions,4.5,3.102188854,57393
Breakin' All the Rules,5.6,6.04364093,5980
Breaking Upwards,6.0,4.237074305,87964
Brick Lane,6.6,5.896927765,33649
Brick Mansions,5.6,4.88861225,104241
Bride & Prejudice,6.2,5.137117075,2836
Bride Wars,5.5,4.02963265,1888
Bridesmaids,6.8,6.310755661,45666
Bridge to Terabithia,7.2,6.45740013,43679
Bridget Jones's Diary,6.8,6.135603162,108156
Bridget Jones: The Edge of Reason,6.0,4.955229909,8969
"Bright Lights, Big City",5.7,4.715485938,49642
Bright Star,6.9,5.871143945,4775
Brighton Rock,5.7,4.777319383,52356
Bring It On,6.1,5.195467194,1663
Bringing Down the House,5.6,4.568959009,4084
Bringing Out the Dead,6.9,5.87602456,7450
Brokedown Palace,6.4,5.745439615,5677
Broken Arrow,6.1,4.970831496,95
Broken City,6.1,5.126877716,59014
Bronson,7.0,6.258982418,70728
Brooklyn,7.5,6.692194538,5983
Brooklyn Rules,6.3,5.556344184,45382
Brothers,7.1,5.884293023,7027
Brown Sugar,6.5,6.306123429,8340
Bruce Almighty,6.8,6.084278067,6373
Bucky Larson: Born to Be a Star,3.3,2.404023083,45503
Bulletproof Monk,5.5,4.751475648,6294
Bullets Over Broadway,7.4,6.790652713,68205
Bully,6.9,5.635785502,65300
Bulworth,6.8,5.233922045,6482
Buried,7.0,6.221248554,6547
Burlesque,6.4,5.345467544,83086
Burn After Reading,7.0,6.372476614,61323
Butch Cassidy and the Sundance Kid,8.0,7.113262786,8622
Butterfly Girl,8.3,9.782238611,118920
By the Sea,5.3,4.125535428,5903
C.H.U.D.,5.6,4.932231436,4222
Cabin Fever,3.7,2.305736541,44892
Caddyshack,7.2,6.718734451,1947
Cadillac Records,7.0,6.063607273,127096
Can't Hardly Wait,6.5,6.294795516,31445
Can't Stop the Music,4.3,3.10559584,62511
Cape Fear,7.3,6.524312037,100390
Capitalism: A Love Story,7.4,6.172793191,1107
Capote,7.3,6.667603918,39292
Capricorn One,6.8,6.196562535,107402
Captain America: The First Avenger,6.9,6.500771364,88140
Captain America: The Winter Soldier,7.7,7.386551298,110102
Captain Corelli's Mandolin,5.9,4.522721002,4727
Captain Phillips,7.8,7.267768307,105504
Cargo,6.1,5.250074231,3846
Carnage,7.1,6.405585701,42721
Carrie,5.8,5.29342785,87522
Carriers,6.0,5.080124303,73168
Cars,7.2,6.674160533,45517
Cars 2,6.2,4.925391543,87876
Case 39,6.2,5.684676734,2093
Casino,8.2,7.800883805,16
Casino Royale,8.0,7.002140726,5796
Casper,6.2,6.175163873,158
Cast Away,7.8,7.424805464,4022
Cat on a Hot Tin Roof,7.9,6.96303717,5513
Catch Me If You Can,8.1,7.132893437,5989
Cats & Dogs,5.2,4.165637032,4386
Cats Don't Dance,6.9,7.003516293,885
Catwoman,3.4,2.641888413,8666
Cedar Rapids,6.3,5.842521022,95309
Celebrity,6.3,5.387129959,49220
Cellular,6.5,5.97866932,8860
Chain Letter,4.1,2.827367951,92719
Chain Reaction,5.7,5.124889692,836
Chain of Command,3.5,2.22659613,2791
Chairman of the Board,2.3,2.759192066,74582
Changeling,7.7,7.462487087,63062
Changing Lanes,6.5,5.6450666,5293
Chappie,6.8,5.780634352,120466
Chariots of Fire,7.1,6.639530598,47815
Charlie St. Cloud,6.4,5.613397385,79588
Charlie Wilson's War,7.0,6.106715442,56788
Charlie and the Chocolate Factory,6.7,6.04156692,30793
Charlie's Angels,5.6,4.379845033,3977
Charlie's Angels: Full Throttle,4.9,3.304927893,6503
Charlotte's Web,6.3,5.685084531,2137
Chasing Amy,7.2,6.22630814,1639
Chasing Liberty,6.1,5.116999178,7449
Chasing Mavericks,7.1,6.897863073,3163
Cheap Thrills,6.7,5.780744026,109742
Cheaper by the Dozen,5.9,4.826437607,7161
Cheaper by the Dozen 2,5.5,4.795057814,42009
Chicago,7.2,6.543335596,21
Chicago Overcoat,5.9,5.637857382,26172
Chicken Little,5.7,4.73511563,40339
Chicken Run,7.1,6.700616087,3751
Child's Play,6.7,6.304354627,998
Children of Men,7.9,7.03107079,48774
Chill Factor,5.2,3.93274536,120380
Chocolat,7.2,6.77279984,4246
Choke,6.4,5.191391987,90439
Christmas Eve,5.0,4.863997128,49121
Christmas with the Kranks,5.5,4.493855713,8978
Chuck & Buck,6.6,5.843322397,3794
Cinderella,6.9,6.997269981,1022
Cinderella Man,8.0,7.169634148,33660
Cirque du Freak: The Vampire's Assistant,5.8,5.393027022,72165
Cirque du Soleil: Worlds Away,6.7,6.009841776,39419
City Hall,6.2,5.378303004,100
City Island,7.3,6.704917208,2504
City of Angels,6.7,6.043453792,1835
City of Ember,6.4,5.296909613,62376
Civil Brand,5.1,5.566959475,6697
Clash of the Titans,5.8,4.338440268,5540
Class of 1984,6.5,6.15499337,59440
Clay Pigeons,6.6,6.003008599,6642
Clear and Present Danger,6.9,6.440413653,349
Cleopatra,7.0,6.309506889,4274
Clerks,7.7,6.88495352,223
Clerks II,7.3,6.550151093,110591
Click,6.4,5.599396993,45672
Cliffhanger,6.5,6.136274488,434
Clockstoppers,5.2,4.038901227,30822
Clockwatchers,6.6,6.197710053,4772
Close Encounters of the Third Kind,7.6,7.251663661,2953
Closer,7.2,6.187541262,6629
Closer to the Moon,6.7,5.639513568,103834
Cloud Atlas,7.4,6.570349041,97752
Cloudy with a Chance of Meatballs,6.9,6.266887081,71264
Cloudy with a Chance of Meatballs 2,6.3,5.738274998,105468
Cloverfield,7.0,5.604223602,4990
Club Dread,5.7,4.180556683,115569
Coach Carter,7.3,6.742850014,31225
Code 46,6.1,5.379765032,71248
Code Name: The Cleaner,4.6,4.103410492,72741
Coffee Town,6.5,6.484432526,102245
Cold Mountain,7.2,6.637466918,7162
Collateral,7.5,6.551217022,8798
Collateral Damage,5.5,4.35133142,5093
College,4.6,2.642262235,71466
Colombiana,6.4,5.713119493,89087
Come Early Morning,6.2,5.831412557,88138
Commando,6.7,6.713292088,3704
Compliance,6.4,5.201692208,96612
Con Air,6.9,6.325251835,1552
Conan the Barbarian,6.9,6.79016698,1587
Concussion,7.1,6.117242143,7380
Confessions of a Dangerous Mind,7.0,5.220033535,64620
Congo,5.3,5.167472533,160
Connie and Carla,6.3,5.229410935,50153
Conquest of the Planet of the Apes,6.1,5.489695806,6063
Conspiracy Theory,6.7,6.224660611,1597
Contact,7.5,6.685098727,1584
Contagion,6.8,6.151793715,89470
Contraband,6.4,5.581655274,875
Control,7.6,6.562730064,86606
Conversations with Other Women,6.9,6.04554233,48342
Cop Out,5.5,4.332988769,74532
Copycat,6.6,6.152668552,8917
Copying Beethoven,6.7,5.649056987,40342
Coraline,7.8,6.895156346,66097
Coriolanus,6.1,5.141318121,116841
Corky Romano,4.7,4.059825976,2301
Corpse Bride,7.4,6.826521912,4572
Couples Retreat,5.5,4.913459348,71668
Courage Under Fire,6.6,6.443185878,647
Courageous,6.9,6.030404326,93954
Coyote Ugly,5.7,5.188631039,3825
Cradle 2 the Grave,5.8,4.807508433,55245
Cradle Will Rock,6.8,5.854640042,1489
Crank,6.9,6.086479323,7254
Crank: High Voltage,6.1,4.80987495,7448
Crash,7.7,6.86925337,521
Crazy Heart,7.2,6.511226113,56169
"Crazy, Stupid, Love.",7.4,6.614169322,88163
Creature,5.0,4.050065022,74416
Creepshow,6.8,6.180464187,3016
Creepshow 2,6.0,5.32934959,493
Criminal,6.3,5.234021497,62
Crimson Tide,7.3,6.529613253,161
Critical Care,5.9,5.147236984,5636
Crocodile Dundee,6.6,6.810499003,72980
Crocodile Dundee in Los Angeles,4.8,3.913735025,68965
Crossover,2.2,2.096484488,5447
Cruel Intentions,6.8,6.096508512,36
Cry Freedom,7.4,7.016872698,90017
Cube,7.1,6.410906838,2232
Curious George,7.2,7.127692374,43869
Cursed,5.1,4.058526931,99957
Cutthroat Island,5.7,5.160070985,15
Cypher,6.7,6.245298098,2507
Cyrus,6.3,5.299180553,59336
D.E.B.S.,5.4,4.258659778,103596
DOA: Dead or Alive,4.8,3.948085262,50160
Daddy Day Camp,3.2,2.769567547,3423
Daddy Day Care,5.6,5.637351301,6338
Dallas Buyers Club,7.9,6.578298107,122062
Dance Flick,3.6,2.938744538,1760
"Dancer, Texas Pop. 81",6.7,6.630768586,91492
Dances with Wolves,8.0,6.916948982,6330
Dangerous Liaisons,7.5,7.128179064,7814
Dante's Peak,6.0,6.042093685,1438
Dark City,7.6,6.766476093,90645
Dark Shadows,6.2,5.241846352,94478
Dark Water,5.6,4.911311588,34143
Darkness,5.4,4.047934894,52005
Darkness Falls,5.0,3.804811941,95449
Darling Companion,5.2,4.572811364,1677
Darling Lili,6.0,5.339698953,4781
Date Movie,2.8,1.682265842,2291
Date Night,6.3,5.50450865,76293
Dawn of the Dead,7.2,6.175932789,7263
Dawn of the Planet of the Apes,7.6,6.824483334,112623
Daybreakers,6.4,5.743235521,53466
Daylight,5.9,5.359918506,798
Days of Heaven,7.7,6.827180213,1503
Days of Thunder,6.1,5.391252458,1100
Dazed and Confused,7.6,7.395019164,59392
Dead Like Me: Life After Death,6.0,4.486155094,55751
Dead Man Down,6.4,5.533912405,1227
Dead Man Walking,7.5,6.958634565,6281
Deadfall,6.2,5.242475424,76729
Deadline - U.S.A.,7.2,6.708544279,6505
Dear Frankie,7.7,7.254305223,119948
Dear John,6.3,5.045240662,224
Dear Wendy,6.5,5.460007685,55391
Death Becomes Her,6.7,6.654600339,3258
Death Race,6.4,5.539970673,61248
Death Race 2000,6.2,5.834558965,7991
Death Sentence,6.7,5.952021437,1057
Death at a Funeral,7.3,6.870431952,6078
Death to Smoochy,6.3,5.546282885,5265
Deceptive Practice: The Mysteries and Mentors of Ricky Jay,7.1,6.182971917,108660
Deck the Halls,5.1,3.872624329,49282
Deconstructing Harry,7.3,6.27503498,55830
Decoys,4.7,4.324016255,88934
Deep Blue Sea,5.9,4.498203224,2722
Deep Impact,6.2,4.994432756,1876
Deep Rising,6.1,5.851298636,1762
Defendor,6.7,6.671813082,77800
"Definitely, Maybe",7.1,6.289471205,3189
Delgo,4.3,3.460295071,64652
Deliver Us from Evil,6.2,5.567306158,45732
Delivery Man,6.3,5.803318188,34530
Demonic,5.3,4.594361417,3954
Derailed,6.6,5.27636191,1430
Desperado,7.1,6.674877139,37741
Despicable Me,7.6,6.953344953,79091
Despicable Me 2,7.3,6.662861339,103335
Detention,5.6,4.624801564,2993
Detention of the Dead,4.5,5.438681584,117594
Deuce Bigalow: European Gigolo,4.7,3.40159225,534
Deuces Wild,5.6,4.427489367,7174
Devil,6.3,5.476022198,130462
Devil's Due,4.2,2.746331443,4453
Diamonds Are Forever,6.5,5.772648877,56367
Diary of a Wimpy Kid: Dog Days,6.3,5.650911756,106540
Diary of the Dead,5.5,4.342643177,1278
Dick Tracy,6.2,5.510429332,2616
Did You Hear About the Morgans?,4.9,3.877622497,72919
Die Another Day,6.1,4.920595849,5872
Die Hard,8.2,7.639480689,6709
Die Hard 2,7.1,6.57210331,1370
Digimon: The Movie,6.0,4.923385594,72265
Diner,7.0,6.333334037,1330
Dinner Rush,7.2,6.734981074,31689
Dinner for Schmucks,5.9,4.515804906,79428
Dinosaur,6.4,5.757425995,3615
Dirty Pretty Things,7.2,6.154997504,77667
Disaster Movie,1.9,1.531204033,71450
Disclosure,6.2,5.612061705,225
District 9,7.9,6.727645191,19
Disturbia,6.8,6.235940289,52458
Divergent,6.6,5.742326764,108190
Divine Secrets of the Ya-Ya Sisterhood,6.1,5.389525266,1372
Django Unchained,8.5,7.390272175,99114
Do the Right Thing,7.9,6.598586317,1657
Doctor Dolittle,5.4,4.966105591,2135
Doctor Zhivago,7.9,7.211869258,2003
Dogma,7.3,6.296021205,62155
Dolphin Tale,6.8,6.391184163,91886
Dolphin Tale 2,6.4,5.937856813,117194
Dom Hemingway,6.1,4.983451453,89047
Domestic Disturbance,5.6,5.068725056,4885
Domino,5.9,4.558017067,37382
Don Jon,6.5,5.921817295,1357
Don Juan DeMarco,6.7,6.318284095,1840
Don McKay,5.8,5.608661396,69821
Don't Be Afraid of the Dark,5.5,4.704640506,119206
Don't Say a Word,6.3,5.437621229,4814
Donnie Brasco,7.7,6.901351281,34336
Donnie Darko,8.0,6.826320104,4407
Donovan's Reef,6.7,6.419879781,1633
Doogal,2.8,2.063084835,116799
Doom,5.2,4.266055388,37380
Doomsday,5.9,4.921642175,2598
Dope,7.2,6.218382584,108243
Double Jeopardy,6.5,6.470400159,2881
Double Take,5.4,3.947641781,3893
Doubt,7.5,6.461006789,114601
Doug's 1st Movie,4.9,5.482803386,3774
Down Terrace,6.4,4.6920392,102760
Down in the Valley,6.4,5.637360234,111622
Down to Earth,5.4,3.714947076,96610
Down to You,5.0,4.182205326,53894
Dr. Dolittle 2,4.7,4.74529888,4368
Dr. Strangelove or: How I Learned to Stop Worrying and Love the Bomb,8.3,7.734361538,73860
Dracula 2000,4.9,3.686245843,88812
Dracula Untold,6.2,5.674777424,114795
Draft Day,6.8,6.368295929,3179
Drag Me to Hell,6.6,5.734843601,42730
Dragonball Evolution,2.5,2.157474464,2446
Dragonfly,6.1,5.644057198,5127
Dream House,6.0,5.351174805,90578
Dreamcatcher,5.5,4.495821464,6250
Dreamgirls,6.6,5.019686821,49824
Dreaming of Joseph Lees,6.3,6.464927886,123312
Dredd,7.1,6.57399631,96737
Dressed to Kill,7.1,6.999131716,80947
Drillbit Taylor,5.7,4.870626562,58655
Drinking Buddies,6.1,4.8667786,103801
Drive Angry,5.4,4.037377363,84942
Drive Hard,4.4,3.515503722,113604
Drive Me Crazy,5.8,4.774847497,3633
Driven,4.6,3.56073414,4265
Driving Lessons,6.6,6.161204259,42723
Driving Miss Daisy,7.3,6.693526949,6538
Drop Dead Gorgeous,6.7,6.033889278,2502
Drumline,6.0,4.671781907,105844
Dudley Do-Right,3.9,2.953552799,74547
Due Date,6.5,5.905853552,81537
Duel in the Sun,6.7,5.779944886,3552
Duma,7.1,6.889091373,58494
Dumb and Dumber To,5.6,4.029941641,116977
Dumb and Dumberer: When Harry Met Lloyd,3.4,2.218737917,88267
Dune,6.3,4.950656543,2021
Duplex,5.9,4.884398511,6763
Duplicity,6.1,5.063729414,67193
Dying of the Light,4.5,3.901489631,116817
DysFunktional Family,6.5,8.386923874,2318
E.T. the Extra-Terrestrial,7.9,7.149727405,924
Eagle Eye,6.6,5.364040879,62081
Eastern Promises,7.6,6.648046497,55118
Easy A,7.0,6.657463481,105211
Eat Pray Love,5.8,5.001068556,80551
Ed and His Dead Mother,6.0,6.125562887,90868
Eden,6.3,7.411537381,1282
Eden Lake,6.7,5.448261922,43908
Edge of Darkness,6.6,6.266347951,74156
Edge of Tomorrow,7.9,7.364729158,111759
Edmond,6.2,4.976059915,47937
Edward Scissorhands,7.9,7.722371605,5941
Eight Below,7.3,6.885976201,43917
Eight Legged Freaks,5.5,4.941068837,809
Election,7.2,6.600461948,674
Elektra,4.7,4.203796449,31221
Elf,7.1,7.227980885,94953
Elizabeth,7.4,6.525623481,55872
Elizabeth: The Golden Age,6.8,6.253884151,55274
Elizabethtown,6.3,4.961921917,39231
Ella Enchanted,6.3,5.447857965,6997
Elling,7.5,7.095532268,4450
Elmer Gantry,7.7,6.942456505,71533
Elsa & Fred,6.5,4.986728188,74595
Elysium,6.6,5.868557468,103253
Emma,8.1,7.326540961,88485
Employee of the Month,5.6,4.782453203,5564
Enchanted,7.1,6.737470268,56152
End of Days,5.8,5.478090939,3113
End of the Spear,6.8,5.851197226,1477
Ender's Game,6.6,5.661537175,106002
Endless Love,6.2,5.563835916,62439
Enemy at the Gates,7.5,6.709356191,4223
Enemy of the State,7.3,6.440688604,2353
Enough,5.8,4.754039511,5387
Enough Said,7.0,6.335341167,3535
Enter Nowhere,6.5,5.938076599,104431
Entrapment,6.3,5.974499696,2605
Envy,4.8,3.638713685,93563
Epic,6.6,6.140252054,102720
Epic Movie,2.4,2.146574353,70159
Equilibrium,7.3,6.651907404,6685
Eragon,5.1,3.065872407,49649
Eraser,6.2,5.572718736,786
Eraserhead,7.3,5.721597189,3676
Erin Brockovich,7.4,7.056760418,3408
Escape Plan,6.7,6.232843255,105653
Escape from Alcatraz,7.6,6.822644045,7259
Escape from L.A.,5.7,4.318592882,849
Escape from New York,7.1,6.668894974,3911
Escape from the Planet of the Apes,6.3,6.081416845,1984
Eternal Sunshine of the Spotless Mind,8.3,7.344577536,61
Eulogy,6.4,5.103077788,57426
EuroTrip,6.6,5.80652201,5673
Evan Almighty,5.4,4.503976515,53993
Eve's Bayou,7.2,6.701317449,99335
Event Horizon,6.6,5.952249549,1590
Everest,7.1,5.977930095,1797
Everybody's Fine,7.1,6.512278602,54787
Everyone Says I Love You,6.7,5.959258708,2264
Everything Must Go,6.4,5.943187736,247
Everything Put Together,6.1,6.150115884,40275
Evita,6.3,5.719620999,1416
Exam,6.7,5.810057762,78349
Executive Decision,6.5,6.019031125,494
Exit Wounds,5.6,5.193800366,2929
Exodus: Gods and Kings,6.0,4.854094565,116887
Exorcist: The Beginning,5.1,4.096142374,8815
Exotica,7.0,6.241499244,931
Extract,6.1,5.128732861,58146
Extraordinary Measures,6.4,5.75733227,377
Extreme Measures,6.2,5.860329085,1003
Extreme Ops,4.4,3.124676311,5880
Eye for an Eye,6.2,5.189332174,57520
Eyes Wide Shut,7.5,6.240438547,2712
F.I.S.T.,6.4,5.962729478,7636
Face/Off,7.3,6.604961112,1573
Facing the Giants,6.5,5.377289654,48711
Factory Girl,6.3,4.96246435,5680
Fahrenheit 9/11,7.5,6.608488776,1090
Failure to Launch,5.7,4.783224286,44004
Fair Game,6.8,6.387823819,71
Falcon Rising,5.8,5.680783958,26528
Family Plot,6.8,5.966883457,5596
Fantasia,7.7,7.27657413,8502
Fantasia 2000,7.1,6.921080962,3159
Fantastic Four,4.3,2.718266897,34150
Fantastic Mr. Fox,7.9,7.123835214,72226
Farce of the Penguins,4.0,2.818280586,56511
Fast Times at Ridgemont High,7.1,6.686825531,357
Faster,6.4,5.730688079,1822
Fat Albert,4.4,3.741207587,30883
"Fat, Sick & Nearly Dead",7.5,7.18204506,899
Feast,6.2,4.850360962,87304
Femme Fatale,6.2,5.385940518,1480
Fetching Cody,6.5,5.567737851,41724
Fever Pitch,6.2,5.578033822,2962
Fiddler on the Roof,8.0,7.247580275,1214
Fido,6.7,5.854401309,89570
Fifty Dead Men Walking,6.8,6.349789428,51569
Fifty Shades of Grey,4.2,2.654028625,125916
Fight Club,8.8,7.918846848,2959
Final Destination,6.7,5.930358815,145
Final Destination 2,6.2,6.029049716,35957
Final Destination 3,5.8,5.145623478,3452
Final Destination 5,5.9,5.532570982,88932
Final Fantasy: The Spirits Within,6.4,5.77683072,4446
Finding Forrester,7.3,6.805504134,4019
Finding Nemo,8.2,7.715830482,6377
Finding Neverland,7.7,7.174141018,50601
Firefox,5.9,5.150204647,95201
Fireproof,6.4,5.321733431,64114
Firewall,5.8,5.269626552,43871
First Knight,6.0,5.154118673,168
"First Love, Last Rites",5.5,4.504761665,2127
Fish Tank,7.3,6.059159343,1034
Flags of Our Fathers,7.1,6.164201622,48783
Flash Gordon,6.5,6.071171749,2496
Flash of Genius,7.0,6.463301029,66015
Flashdance,6.2,5.739976559,3984
Flatliners,6.6,5.803726936,6617
Flawless,6.4,5.993029802,55732
Fled,5.4,4.419229061,3726
Flight,7.3,6.322339743,1959
Flight of the Intruder,5.8,5.312060704,4275
Flight of the Phoenix,6.1,5.034429115,27837
Flightplan,6.3,5.420089436,37727
Flipper,5.3,5.496537939,26973
Flubber,5.3,4.771834331,1702
Flushed Away,6.6,6.310008083,48982
Flyboys,6.5,5.805051798,48319
Flywheel,6.6,5.946580186,93267
Focus,6.6,5.521037633,4871
Foodfight!,1.3,1.770193441,120222
Fool's Gold,5.7,4.965450483,57951
Foolish,4.9,4.692479318,114980
Footloose,6.6,6.415768788,112303
For Love of the Game,6.6,6.252904395,2861
For Your Consideration,6.3,5.444401867,26819
For Your Eyes Only,6.7,6.381559047,106330
Force 10 from Navarone,6.4,5.956937202,5499
Forget Me Not,5.1,3.987306844,88194
Forgetting Sarah Marshall,7.1,6.36828805,8383
Forrest Gump,8.8,7.883327242,356
Fortress,5.9,5.488482267,3596
Forty Shades of Blue,6.1,4.881465152,130069
Four Brothers,6.8,6.404567945,58998
Four Christmases,5.7,5.070985942,64032
Four Lions,7.3,6.335463912,25959
Four Rooms,6.7,5.680046554,49276
Four Weddings and a Funeral,7.1,6.628376804,2378
Frailty,7.2,6.475237493,4233
Frankenweenie,6.9,6.282726995,97172
Freakonomics,6.3,5.242024754,4804
Freaky Deaky,5.7,5.656777803,92841
Freaky Friday,6.3,6.086120125,65802
Freddy vs. Jason,5.7,4.738963831,7369
Free Birds,5.8,5.259478097,106240
Freedom Writers,7.6,6.93115858,97921
Freeheld,6.6,5.977395634,6162
Freeway,6.8,5.757313099,85796
Freeze Frame,6.3,5.746901773,66090
Frenzy,7.4,6.45865622,8056
Frequency,7.4,7.149471668,2699
Friday,7.2,6.794928828,130768
Friday After Next,5.8,4.625000567,80846
Friday the 13th Part 2,6.1,6.266839419,1975
Friday the 13th Part VI: Jason Lives,6.0,5.532345808,1592
Friday the 13th Part VIII: Jason Takes Manhattan,4.5,3.797750328,3029
Friends with Benefits,6.5,5.452141577,6887
Friends with Money,5.8,4.742713154,2580
Fright Night,6.4,5.596978935,8836
From Dusk Till Dawn,7.2,6.017431076,48416
From Hell,6.7,5.838662468,4865
From Here to Eternity,7.6,6.970421205,33817
From Justin to Kelly,1.9,1.811735885,2356
From Paris with Love,6.4,6.069408753,74851
From Russia with Love,7.3,7.054541548,5890
Frost/Nixon,7.6,6.814328648,3536
Frozen,7.4,6.887425213,75395
Fuel,7.4,7.681069226,59126
Full Frontal,4.7,3.280858605,49314
Fun with Dick and Jane,6.2,5.499405357,6519
Funny Ha Ha,6.4,4.703560218,34314
Funny People,6.3,4.900936556,66509
Furry Vengeance,3.9,3.625730907,8866
Fury,7.6,6.080291024,25825
G-Force,5.1,4.014447898,70697
G.I. Jane,6.0,4.790984827,1586
G.I. Joe: Retaliation,5.7,4.235759934,101076
G.I. Joe: The Rise of Cobra,5.7,4.277227761,70336
Galaxina,3.7,3.112100437,4976
Galaxy Quest,7.4,7.507159691,3175
Gamer,5.7,4.610941923,71254
Gandhi,8.0,7.320591172,1923
Gangs of New York,7.5,6.306159879,5956
Gangster Squad,6.7,5.955925158,99728
Garden State,7.4,6.835696154,1611
Gattaca,7.7,7.195649656,1653
Gentleman's Agreement,7.2,6.357361216,7285
Gentlemen Broncos,6.1,5.028198806,610
George Washington,7.8,7.468826331,5258
George and the Dragon,5.6,4.829370054,3145
George of the Jungle,5.5,5.074946776,1588
Georgia Rule,5.9,4.582651002,5729
Gerry,6.0,4.264841662,110322
Get Carter,5.2,4.196861008,3946
Get Hard,6.0,5.062670417,131013
Get Him to the Greek,6.3,5.027908633,78209
Get Over It,5.7,5.355874973,46919
Get Rich or Die Tryin',5.5,3.441160411,40574
Get Shorty,6.9,6.431110815,3510
Get Smart,6.5,5.472011254,60126
Get on Up,6.9,6.435868836,1883
Get on the Bus,6.9,6.382552685,85401
Gettysburg,7.6,6.956810287,991
Ghost,7.1,7.185094808,117871
Ghost Dog: The Way of the Samurai,7.5,6.477203569,80906
Ghost Rider,5.3,4.635713762,51077
Ghost Rider: Spirit of Vengeance,4.3,3.663917191,92938
Ghost Ship,5.6,4.911276922,63876
Ghost Town,6.7,5.886988,5531
Ghost World,7.3,6.677155399,2921
Ghosts of Mars,4.9,4.521106352,2889
Ghosts of Mississippi,6.7,5.879009476,1401
Gigli,2.6,1.883636577,6587
Girl 6,5.3,5.74858379,6483
Girl with a Pearl Earring,6.9,6.274952341,62344
"Girl, Interrupted",7.3,6.616984399,4053
Girls Gone Dead,3.5,3.570171083,120580
Gladiator,8.5,7.642083507,3578
Glitter,2.4,2.337447963,126548
Glory,7.8,7.469749433,4052
Glory Road,7.2,6.555872046,37729
Go,7.2,6.650266412,4932
Gods and Generals,6.2,5.35462008,6186
Gods and Monsters,7.3,6.488401979,804
Godsend,4.8,3.661337695,67867
Going the Distance,6.3,5.649133795,1208
GoldenEye,7.2,6.624292998,10
Goldfinger,7.7,7.140320359,48678
Gone Girl,8.1,6.723580874,112556
Gone with the Wind,8.2,7.423512302,3504
Good Dick,6.3,5.305009644,69842
Good Luck Chuck,5.6,4.690474488,6695
"Good Night, and Good Luck.",7.4,6.603911769,94439
Good Will Hunting,8.3,7.421309101,54783
Gory Gory Hallelujah,4.1,6.447588629,32015
Gothika,5.8,5.132436063,6952
Grabbers,6.3,5.565739885,91688
Grace Unplugged,6.0,5.333925157,5440
Grace of Monaco,5.7,4.637278267,90624
Gracie,6.1,5.639132858,6811
Graduation Day,4.8,4.861828605,97792
Gran Torino,8.1,7.371284191,1961
Grandma's Boy,6.9,5.975804082,4678
Grave Encounters,6.1,5.137107013,38867
Gravity,7.7,6.610611406,104841
Grease,7.2,6.70055323,180
Green Lantern,5.5,4.66651263,87430
Green Zone,6.8,5.903632316,74795
Gremlins,7.3,7.043005932,2513
Gremlins 2: The New Batch,6.4,5.739897003,2004
Gridiron Gang,7.1,6.644684725,44613
Grindhouse,7.5,6.69230761,52281
Grown Ups,6.0,5.433605762,79134
Grown Ups 2,5.4,3.308121146,104218
Grudge Match,6.4,5.726434238,107702
Guardians of the Galaxy,8.0,7.139279304,112852
Guess Who,5.9,4.685027339,1343
Gulliver's Travels,4.9,3.760878036,2899
Gun Shy,5.6,4.679693887,5860
Gunless,6.4,6.621188459,118258
Hackers,6.2,4.990728198,170
Hairspray,6.7,5.969614408,2926
Half Baked,6.6,6.428097141,44709
Half Past Dead,4.6,3.542262977,7317
Hall Pass,5.9,3.983888113,85022
Halloween 4: The Return of Michael Myers,5.8,5.562080479,800
Halloween 5: The Revenge of Michael Myers,4.9,4.805746111,330
Halloween III: Season of the Witch,5.2,4.301410986,1042
Hamlet 2,6.3,5.309463992,47976
Hancock,6.4,5.525025068,60074
Hanging Up,4.9,3.733932233,3299
Hanna,6.7,5.635819027,2746
Hannah Montana: The Movie,4.7,3.846594948,56949
Hannibal Rising,6.1,5.729451314,50804
Hansel & Gretel: Witch Hunters,6.1,5.24718748,100163
Happily N'Ever After,4.5,3.624276897,50149
Happiness,7.7,6.465312731,44204
Happy Christmas,5.4,3.479099111,114760
Happy Feet,6.4,5.585442759,49274
Happy Feet Two,5.8,5.319931005,91386
Happy Gilmore,7.0,7.064535884,30894
"Happy, Texas",6.3,5.261558423,84189
Hard Rain,5.9,4.684200029,1752
Hardball,6.4,5.796573772,3440
Harley Davidson and the Marlboro Man,6.1,5.28175302,1399
Harper,6.8,6.093508757,6852
Harry Brown,7.2,6.682222259,55442
Harry Potter and the Chamber of Secrets,7.4,6.828146351,5816
Harry Potter and the Goblet of Fire,7.7,6.593128785,40815
Harry Potter and the Half-Blood Prince,7.6,6.190514924,69844
Harry Potter and the Order of the Phoenix,7.5,6.535643592,54001
Harry Potter and the Prisoner of Azkaban,7.9,6.9648617,8368
Harsh Times,6.8,5.877971506,3328
Hart's War,6.3,5.337095124,5107
Harvard Man,4.8,3.226721924,3424
Hatchet,5.7,5.13774669,55517
Haywire,5.8,4.972148462,3051
He Got Game,6.9,6.189454452,32289
He's Just Not That Into You,6.4,5.457883745,66203
Head of State,5.5,4.322852867,6265
Heartbeeps,4.3,3.243140002,109895
Heartbreakers,6.2,5.531762058,4228
Hearts in Atlantis,6.9,6.357155393,3638
Heaven's Gate,6.7,5.237928719,5184
Heavenly Creatures,7.3,6.620507028,60948
Heavy Metal,6.6,5.682960449,44694
Hedwig and the Angry Inch,7.7,7.40000651,2491
Heist,6.1,4.99668551,1711
Held Up,5.2,4.296483974,89194
Hell's Angels,7.3,6.802194674,105121
Hellboy,6.9,6.122245103,7373
Hellboy II: The Golden Army,7.0,6.187981806,57640
Henry V,7.5,6.792381472,7457
Her,8.0,6.958926047,3300
Hercules,6.0,5.110279861,1566
Here Comes the Boom,6.4,6.193245442,97836
Hereafter,6.5,5.260533077,81512
Hesher,6.9,6.058392631,1679
Hey Arnold! The Movie,5.9,5.009359563,104728
Hidalgo,6.7,6.339282918,7324
Hide and Seek,5.9,4.512137994,8970
High Anxiety,6.6,5.805594397,122490
High Crimes,6.4,5.515801191,5282
High Fidelity,7.4,6.447822169,1805
High Heels and Low Lifes,6.1,5.64888533,31114
High Plains Drifter,7.4,6.71389446,105213
High School Musical,5.6,4.850883711,69379
High School Musical 2,5.2,4.407055163,441
High School Musical 3: Senior Year,5.0,4.448382728,76085
Higher Ground,6.2,4.992536442,2531
Highway,6.1,5.365480269,74671
History of the World: Part I,6.8,6.203519009,72129
Hitch,6.6,5.861184918,31685
Hobo with a Shotgun,6.1,5.490616093,94893
Hocus Pocus,6.9,6.554593088,100527
Hoffa,6.6,5.879702544,4889
Holes,7.0,6.876251258,8531
Hollow Man,5.9,4.968374786,3826
Hollywood Homicide,5.3,4.423595346,6484
Hollywood Shuffle,6.9,6.248650002,4116
Holy Man,5.0,4.362164042,2306
Holy Motors,7.0,5.992881187,6193
Home,6.5,5.996921379,69529
Home Alone 2: Lost in New York,6.9,6.110979251,2600
Home for the Holidays,6.6,5.820971745,31687
Home on the Range,5.4,4.140231612,7374
Homefront,6.5,5.719638856,4248
Hook,6.8,6.363325633,3489
Hop,5.4,4.596645142,86059
Hope Floats,6.0,4.939593289,59258
Hope Springs,6.3,5.500558934,34
Horrible Bosses,6.9,6.211226871,4232
Horrible Bosses 2,6.3,5.263671668,117590
Hostage,6.5,6.008411615,32029
Hostel,5.9,4.657198463,73587
Hostel: Part II,5.5,4.18760077,44195
Hot Pursuit,5.1,4.064425516,96417
Hot Rod,6.7,5.713700683,2143
Hot Tub Time Machine,6.4,5.460669251,76077
Hotel Transylvania,7.0,6.448699185,97225
Hotel for Dogs,5.5,4.413285208,66304
House Party 2,5.3,5.72545955,3967
House at the End of the Street,5.5,4.471514478,7383
House of 1000 Corpses,6.0,4.976620299,2812
House of Wax,5.5,4.59408394,393
House on Haunted Hill,5.6,4.467068178,1270
Housebound,6.7,6.68276036,72718
How Do You Know,5.4,4.069425301,82499
How Stella Got Her Groove Back,5.7,4.777398673,61705
How to Lose Friends & Alienate People,6.4,5.197410979,1730
How to Lose a Guy in 10 Days,6.5,5.579711619,6155
How to Train Your Dragon,8.1,7.501086418,76093
How to Train Your Dragon 2,7.8,6.962119843,112175
Howard the Duck,4.7,3.851827124,78266
Howards End,7.4,6.942654453,3909
Hud,7.8,7.490908286,2533
Hudson Hawk,5.7,4.538465104,7000
Hugo,7.5,6.934513087,90866
Hulk,5.6,4.555555404,6534
Human Traffic,7.1,6.605367921,112552
Hurricane Streets,6.4,6.368178645,1659
Hustle & Flow,7.3,6.408441868,89102
I Am Legend,7.2,6.148901938,56174
I Am Number Four,6.1,5.672648315,85056
I Am Sam,7.6,7.054948429,1293
I Don't Know How She Does It,5.0,3.749681857,3511
I Dreamed of Africa,5.5,4.085705494,98054
I Got the Hook Up,4.1,3.125802503,2178
I Heart Huckabees,6.5,5.261608249,106785
I Hope They Serve Beer in Hell,5.2,3.753997452,81791
"I Love You, Don't Touch Me!",5.2,4.411791455,1850
"I Love You, Man",7.0,6.171052761,67087
I Love Your Work,5.1,3.557550283,2584
I Spit on Your Grave,6.2,4.692025411,4903
I Spy,5.4,4.379710437,5803
I Still Know What You Did Last Summer,4.8,4.323637446,6188
I Want Someone to Eat Cheese With,6.1,4.871738557,4725
"I, Frankenstein",5.1,3.884268219,108689
"I, Robot",7.1,6.169671779,8644
Ice Age,7.5,7.375972206,5218
Ice Age: Dawn of the Dinosaurs,6.9,6.604904359,69644
Ice Princess,6.0,5.233530062,106841
Ida,7.4,6.642970294,3671
Identity,7.3,6.625081998,7360
Identity Thief,5.7,4.5722252,1371
Idiocracy,6.5,5.667751065,1054
If I Stay,6.7,5.583403607,2302
Igby Goes Down,6.8,5.902894467,1224
Illuminata,6.0,5.596458481,56389
Imaginary Heroes,7.0,6.330387885,91571
Imagine Me & You,6.8,6.104655418,127182
Imagine That,5.6,5.549440221,69304
Immortals,6.0,5.247261925,90888
Impostor,6.1,5.217799161,5046
In & Out,6.4,6.372867187,34332
In Cold Blood,7.9,7.236421611,3017
In Dreams,5.5,4.029350953,2549
In Good Company,6.5,5.518982801,102033
In Time,6.7,5.59319956,62394
In Too Deep,6.2,6.132263181,127198
In the Bedroom,7.4,6.417810428,2532
In the Company of Men,7.1,6.25861436,1594
In the Cut,5.4,3.623460288,639
In the Heart of the Sea,6.9,6.050356271,117466
In the Land of Women,6.4,5.477242304,1097
In the Name of the King: A Dungeon Siege Tale,3.8,3.031501556,57326
In the Shadow of the Moon,8.0,7.597410298,127196
In the Valley of Elah,7.2,6.099086012,4203
Incendies,8.3,7.361215562,96917
Inception,8.8,7.368320712,79132
Incident at Loch Ness,6.4,5.794865237,8688
Indiana Jones and the Kingdom of the Crystal Skull,6.2,5.444962503,59615
Indiana Jones and the Last Crusade,8.2,7.976212278,1291
Indiana Jones and the Temple of Doom,7.5,6.229761937,588
Indie Game: The Movie,7.6,6.867986323,98122
Inescapable,5.1,4.425653029,27537
Inglourious Basterds,8.4,7.2804687,68157
Inherent Vice,6.6,5.744416788,6245
Inkheart,6.1,5.234872627,65685
Inside Deep Throat,6.7,6.208811161,85790
Inside Job,8.2,6.954799956,33880
Inside Llewyn Davis,7.4,6.215101148,8951
Inside Man,7.6,6.353787728,44199
Insidious,6.8,6.062502839,233
Insidious: Chapter 2,6.6,5.8296926,1286
Insomnia,7.2,6.288521854,1889
Inspector Gadget,4.2,2.693883475,2720
Instinct,6.5,5.715520668,2676
Interstellar,8.7,7.881364024,109487
Into the Blue,5.9,4.868867672,37853
Into the Storm,5.8,5.068439004,111314
Into the Wild,8.1,7.168203244,51931
Into the Woods,5.9,4.351195722,8580
Intolerable Cruelty,6.3,5.063876049,6873
Invaders from Mars,5.5,5.234696451,48704
Invasion U.S.A.,5.4,5.054327536,6055
Invictus,7.3,6.735371953,72733
Iris,7.0,6.320562488,4641
Iron Man,7.9,6.606940618,59315
Iron Man 2,6.9,6.514365458,77561
Iron Man 3,7.1,5.841716143,102125
Ironclad,6.1,5.216701296,89327
Ishtar,4.7,3.491487456,4123
It Happened One Night,8.1,6.964106043,905
It's All Gone Pete Tong,7.2,6.552563096,2275
It's Complicated,6.5,5.487189617,73015
It's Kind of a Funny Story,7.1,6.049228974,2280
It's a Wonderful Life,8.6,8.008729523,98975
J. Edgar,6.5,5.651341701,8981
JFK,8.0,6.867204088,3386
Jack Brooks: Monster Slayer,5.9,4.870461699,1815
Jack Reacher,7.0,6.273511498,99112
Jack Ryan: Shadow Recruit,6.2,5.298811795,108188
Jack and Jill,3.3,1.956679419,90890
Jack the Giant Slayer,6.3,5.321778078,101025
Jackass 3D,7.0,6.110225178,3253
Jackass Number Two,7.0,6.284373564,62912
Jackass: The Movie,6.6,5.833110332,39446
Jade,5.3,4.806163981,132
Jarhead,7.0,5.853408206,40278
Jawbreaker,5.7,4.96457262,2932
Jaws 2,5.8,4.847183284,81156
Jaws: The Revenge,3.0,2.637468675,92008
Jay and Silent Bob Strike Back,6.8,5.775052877,2702
Jeepers Creepers,6.2,5.009128595,104
Jeepers Creepers 2,5.7,5.141247059,6266
"Jeff, Who Lives at Home",6.4,5.942872642,53550
Jerry Maguire,7.3,6.348667031,1393
Jersey Boys,6.8,6.3628121,112316
Jersey Girl,6.2,5.520872627,4941
Jesus' Son,6.9,5.903456769,215
Jimmy Neutron: Boy Genius,6.1,5.103579422,6615
Jindabyne,6.3,5.130699733,57236
Jingle All the Way,5.7,4.918875311,1359
Joe Dirt,6.0,4.619200942,97986
Joe Somebody,5.5,5.458667288,4991
John Carter,6.6,6.259350984,93363
John Q,7.1,6.638637368,5108
Johnny English,6.3,6.117278257,6550
Johnny English Reborn,6.3,6.085522962,90522
Johnny Suede,5.8,5.975970918,26775
Jonah Hex,4.7,4.118435254,78467
Josie and the Pussycats,5.6,4.822250632,4734
Journey 2: The Mysterious Island,5.7,4.70519665,92681
Journey to the Center of the Earth,5.8,5.031974537,6239
Joy Ride,6.6,5.806725254,106920
Joyful Noise,5.7,4.842168601,1620
Judgment at Nuremberg,8.3,7.644583361,4190
Julia,7.1,6.648410257,5285
Julie & Julia,7.0,6.361749939,70293
Jumper,6.1,4.88393098,58025
Jumping the Broom,5.7,4.963112841,58047
Juno,7.4,6.031792594,74948
Jupiter Ascending,5.3,3.772410989,113345
Jurassic Park,8.2,7.697840651,480
Jurassic Park III,5.9,5.31169707,4638
Just Go with It,6.4,5.410025379,85367
Just Like Heaven,6.7,6.54796172,36525
Just Looking,6.7,6.878886991,84262
Just Married,5.5,4.355568901,2519
Just My Luck,5.5,4.637803928,3956
Just Visiting,5.7,4.867413188,4240
Just Wright,5.9,5.440970498,2331
K-19: The Widowmaker,6.7,5.640650643,5479
K-PAX,7.4,7.089569452,4874
Kangaroo Jack,4.5,4.064330157,6013
Kate & Leopold,6.4,6.022684347,4992
Keeping Up with the Steins,5.4,5.209510686,68237
Keeping the Faith,6.4,5.740330738,40819
Kevin Hart: Let Me Explain,6.7,5.961083588,3467
Kick-Ass,7.6,6.73869411,54276
Kick-Ass 2,6.5,5.876424867,62113
Kicking & Screaming,5.6,4.987538329,33495
Kids,7.0,5.599136031,954
Kill Bill: Vol. 1,8.2,7.015286347,6874
Kill Bill: Vol. 2,8.0,6.906402753,7438
Kill the Messenger,6.9,6.261310241,26737
Killer Elite,6.4,5.759020817,89840
Killer Joe,6.7,5.320636445,5994
Killers,5.5,4.605893411,78041
Killing Zoe,6.4,5.435761893,1965
Kindergarten Cop,6.2,6.127387118,2396
King Kong,7.2,6.288613653,2366
King's Ransom,4.4,3.885389671,327
Kingdom of Heaven,7.3,6.449053988,33162
Kingdom of the Spiders,5.7,4.852152395,6848
Kingpin,6.9,6.668619495,4254
Kinsey,7.1,5.838295026,5294
Kiss of Death,5.9,5.564707865,259
Kiss of the Dragon,6.6,6.131261506,5401
Kiss the Bride,5.6,3.816466926,32074
Kiss the Girls,6.6,5.885132112,5415
Kissing Jessica Stein,6.5,5.894657117,175
Kit Kittredge: An American Girl,6.5,6.375092482,129428
Kites,6.0,4.783090473,41
Knight and Day,6.3,5.642883243,79185
Knock Off,4.9,3.903855845,71573
Knocked Up,6.9,5.790861515,7570
Knowing,6.2,5.076508089,67197
Krull,6.1,6.000151179,3898
Krush Groove,6.4,5.65076477,2180
Kundun,7.0,6.300083682,4735
Kung Fu Panda,7.6,7.072733071,59784
Kung Fu Panda 2,7.3,6.764747403,87222
Kung Pow: Enter the Fist,6.2,5.019731856,3425
L.A. Confidential,8.2,7.725829743,32298
LOL,4.4,2.673956841,63436
Ladder 49,6.5,5.663200534,8908
Lady in the Water,5.5,4.505387954,45730
Ladyhawke,6.9,6.71135996,3048
Lake Placid,5.8,5.060147344,5377
Lake of Fire,8.1,6.99077853,65155
Lakeview Terrace,6.2,5.552917641,50798
Land of the Lost,5.3,3.677983561,69278
Lara Croft: Tomb Raider,5.8,4.390847903,4367
Larry Crowne,6.1,5.320427937,1681
Last Action Hero,6.5,5.963436334,485
Last Holiday,6.6,6.392433296,42732
Last Orders,6.9,6.62500825,66200
Last Vegas,6.6,6.142701985,6323
Law Abiding Citizen,7.4,5.668934329,71838
Laws of Attraction,5.9,4.539156775,36519
Layer Cake,7.3,6.158230543,90531
Leap Year,6.4,5.757407166,63479
Leatherheads,6.0,5.158401702,58839
Leaving Las Vegas,7.5,6.609019954,5015
Legal Eagles,6.0,5.047849539,6308
"Legally Blonde 2: Red, White & Blonde",4.8,3.536004957,4014
Legend,6.9,6.34755612,5573
Legend of the Guardians: The Owls of Ga'Hoole,6.9,6.223614291,80615
Legends of Oz: Dorothy's Return,5.0,3.589066446,111439
Legends of the Fall,7.5,6.95561282,70334
Legion,5.3,4.208544556,4027
Let Me In,7.1,6.279791175,70361
Let's Go to Prison,5.9,4.808815709,2179
Let's Kill Ward's Wife,5.4,4.691851185,90057
Lethal Weapon 3,6.7,6.186910528,94965
Lethal Weapon 4,6.6,6.00795941,1918
Letters to God,6.2,5.550962257,114670
Letters to Juliet,6.5,5.906770213,55052
Liar Liar,6.9,6.616389617,1485
Licence to Kill,6.7,6.244316849,2990
License to Wed,5.3,4.20697067,65682
Life During Wartime,6.4,5.272176307,6223
Life of Pi,7.9,7.037383981,97938
Life or Something Like It,5.8,5.107391652,5324
Lifeforce,6.1,5.268705951,110453
Light Sleeper,6.9,6.468672911,1845
Lights Out,6.3,6.086147672,5785
Like Crazy,6.6,5.71733986,91079
Like Mike,5.4,5.055676656,1373
Lilo & Stitch,7.3,6.74498071,5444
Limbo,7.0,6.224457295,105954
Lincoln,7.3,6.720000184,98154
Little Black Book,5.3,3.973683842,84613
Little Fockers,5.5,3.748061349,82852
Little Man,4.5,3.35000927,46865
Little Miss Sunshine,7.8,6.625889165,2100
Little Nicky,5.3,3.700519546,3979
Little Shop of Horrors,7.1,6.927015382,3104
Little Voice,7.0,6.421057341,8275
Live Free or Die Hard,7.1,6.529171738,53972
Live and Let Die,6.7,6.56180196,6040
Living Out Loud,6.5,6.077022485,47200
Lockout,6.0,5.516171529,90576
Logan's Run,6.8,6.263245098,163
Lolita,7.5,6.718517431,2025
London,6.3,5.437412976,128832
Lone Star,7.4,6.902628933,8874
Lone Survivor,7.5,6.184954481,107069
Lone Wolf McQuade,6.3,5.582001329,3543
Lonesome Jim,6.5,5.709816717,40887
Looney Tunes: Back in Action,5.8,4.979313246,6946
Looper,7.4,6.511537556,99007
Lord of War,7.6,6.916266928,36529
Lords of Dogtown,7.1,6.360858524,2377
Loser,5.3,4.482021995,8835
Losin' It,4.9,5.706668649,90376
Lost Souls,4.8,3.744965554,55272
Lost in Space,5.2,4.01500947,1831
Lost in Translation,7.7,6.608895129,968
Love Actually,7.6,7.084965482,6942
Love Jones,7.3,7.774959819,91134
Love Letters,5.8,5.987712907,80260
Love Ranch,5.6,5.655109192,2237
Love Stinks,5.7,4.80585618,1449
Love and Death on Long Island,6.9,5.997167586,46062
Love and Other Catastrophes,6.4,6.648373301,1493
Love in the Time of Cholera,6.4,5.251379532,56001
Lovely & Amazing,6.7,5.733866742,5450
"Lovely, Still",7.1,6.711685527,8736
Lucky Break,6.2,5.210404419,54254
Lucky Number Slevin,7.7,6.714331009,2713
Lucky Numbers,5.1,3.829719986,3975
Lucky You,5.9,5.165953644,52724
Lucy,6.4,5.297033942,99699
MacGruber,5.6,5.142027604,7616
Machine Gun Preacher,6.7,6.061512195,128488
Mad City,6.3,5.332168275,1667
Mad Hot Ballroom,7.4,7.104685989,33639
Mad Max Beyond Thunderdome,6.2,5.416617015,4154
Mad Money,5.9,4.918473281,2828
Madagascar,6.9,6.529719011,33615
Madagascar 3: Europe's Most Wanted,6.8,5.815571318,95105
Madagascar: Escape 2 Africa,6.6,5.737498101,62999
Made,6.3,4.903811117,42725
Made in Dagenham,7.1,6.368880123,80693
Made of Honor,5.8,4.782808566,59333
Magic Mike,6.1,5.091793972,2942
Magnolia,8.0,7.038640011,3160
Maid in Manhattan,5.4,4.012068212,5943
Major Dundee,6.7,5.505071369,920
Major League,7.2,6.666860547,116419
Malcolm X,7.7,7.013216952,107141
Maleficent,6.9,6.382143637,111659
Mallrats,7.0,6.427600906,32928
Malone,5.8,5.288296353,1483
Mambo Italiano,6.7,5.914153379,5045
Mamma Mia!,6.5,5.590901343,60397
Man of Steel,7.1,6.386827511,103042
Man of the House,5.5,4.470182599,274
Man of the Year,6.2,5.263095792,4980
Man on Fire,7.7,6.843398167,7445
Man on Wire,7.7,7.023888919,78088
Man on a Ledge,6.6,5.692908684,91978
Man on the Moon,7.4,6.451217267,3174
Mandela: Long Walk to Freedom,7.1,6.274040638,66904
Maniac,7.6,7.097359763,4752
Manito,6.6,7.569111168,6490
March or Die,6.3,5.462026655,82589
Marci X,3.0,1.849743546,4831
Margin Call,7.1,6.82973056,26386
Marie Antoinette,6.5,5.201347646,45880
Marley & Me,7.0,6.65555057,65230
Marmaduke,4.3,3.583225672,77665
Married Life,6.2,5.206823692,101088
Mars Attacks!,6.4,5.375164734,1391
Mars Needs Moms,5.4,3.994928328,85261
Martian Child,6.7,6.453109048,8831
Martin Lawrence Live: Runteldat,5.4,4.41774702,97188
Marvin's Room,6.7,6.568797259,4124
Mary Poppins,7.8,7.568427157,1304
Mary Reilly,5.8,5.092882193,92
Master and Commander: The Far Side of the World,7.5,6.955130776,6947
Maurice,7.6,6.998952099,106452
Max Payne,5.3,3.723837228,1994
Maximum Risk,5.6,5.684273541,81270
May,6.6,5.75329749,60479
Me and You and Everyone We Know,7.2,6.282395812,8881
"Me, Myself & Irene",6.6,5.802019,3752
Mean Creek,7.1,6.38228301,27838
Mean Machine,6.4,5.702715339,79800
Mean Streets,7.2,6.262471319,8042
Medicine Man,6.0,5.188248602,2822
Meek's Cutoff,6.5,5.303721778,55176
Meet Dave,5.1,4.260860826,60516
Meet Joe Black,7.2,7.013931138,2340
Meet the Deedles,4.1,3.951806193,30818
Meet the Fockers,6.3,5.449504653,30825
Meet the Parents,7.0,6.258047303,3948
Meet the Spartans,2.8,2.13638038,55282
Megamind,7.3,6.811752954,81564
Megiddo: The Omega Code 2,3.9,2.866164736,519
Melancholia,7.1,5.354725002,112909
Memento,8.4,7.478384822,129707
Memoirs of a Geisha,7.3,6.381801856,41571
Memoirs of an Invisible Man,6.0,5.586005176,6734
Men of Honor,7.2,6.970675385,2840
Men of War,5.6,5.319278835,59684
Men with Brooms,5.9,5.090631646,5959
Menace II Society,7.5,6.73719377,69
Mercury Rising,6.1,5.339192158,1833
Message in a Bottle,6.2,5.477170735,4239
Metropolitan,7.3,6.429630452,1966
Michael Clayton,7.2,6.308437342,80880
Michael Collins,7.1,6.350185265,89774
Michael Jordan to the Max,7.4,6.236157704,3710
Mickey Blue Eyes,5.9,5.013397063,2805
Middle of Nowhere,6.4,6.79164705,100038
Midnight Cowboy,7.8,6.957324476,76210
Midnight Run,7.5,7.56121584,57532
Midnight in Paris,7.6,7.068721301,7444
Midnight in the Garden of Good and Evil,6.6,5.478224405,97742
Mighty Joe Young,5.7,5.237623975,2429
Milk,7.5,6.83755379,4709
Million Dollar Arm,7.0,6.309689779,32589
Million Dollar Baby,8.1,7.378534011,6870
Mindhunters,6.3,5.385210713,3115
Minority Report,7.6,6.975555589,5445
Miracle,7.5,7.062703429,70984
Miracle at St. Anna,6.1,4.867172408,61991
Mirror Mirror,5.6,4.953271857,94015
Mirrors,6.1,5.215708174,90719
Miss Congeniality,6.3,6.283625557,4025
Miss Julie,5.5,3.65700615,33826
Miss March,5.0,3.350474238,2390
Miss Potter,7.0,6.74739022,36392
Mission to Mars,5.7,4.317564548,3354
Mission: Impossible,7.2,6.01255928,648
Mission: Impossible - Ghost Protocol,7.4,6.66170304,91630
Mission: Impossible II,6.1,4.708774296,3623
Mission: Impossible III,6.9,6.317636479,45186
Mo' Better Blues,6.7,6.127000572,60289
Moby Dick,7.3,7.002563451,3210
Modern Problems,5.0,3.864170804,109483
Modern Times,8.5,7.145944915,57421
Molly,5.7,3.846911838,89753
Mommie Dearest,6.6,5.549334019,2566
Mona Lisa Smile,6.6,5.962015841,7154
Money Talks,6.2,5.957889396,91842
Money Train,5.7,5.178536713,20
Moneyball,7.6,6.854223421,89492
Monkeybone,4.8,4.417431232,4158
Monster,7.3,6.346464586,97701
Monster House,6.7,6.155062854,46948
Monster's Ball,7.0,6.288284056,1230
Monster-in-Law,5.6,4.698285073,33499
Monsters,6.3,4.961742144,80917
Monsters University,7.2,6.250229192,103141
"Monsters, Inc.",8.1,7.482886657,4886
Monte Carlo,5.8,5.451534927,74946
Monty Python and the Holy Grail,8.2,7.252522346,1136
Moon,7.8,6.7479333,4452
Moonlight Mile,6.6,5.791979519,60939
Moonraker,6.2,5.29456651,97923
Morning Glory,6.5,5.787184871,54406
Mortal Kombat,5.8,5.073799518,6863
Mortal Kombat: Annihilation,3.6,2.601236036,86190
Mortdecai,5.5,4.240614954,125914
Morvern Callar,6.8,5.672860814,4898
Mother and Child,7.2,6.420377657,4204
Motherhood,4.6,4.021573304,126957
Movie 43,4.4,2.225783641,6552
Mr. & Mrs. Smith,6.5,5.123401666,2205
Mr. 3000,5.6,5.075587877,8799
Mr. Bean's Holiday,6.4,5.707708192,44193
Mr. Deeds,5.8,4.193485914,5449
Mr. Holland's Opus,7.3,6.629015138,27874
Mr. Peabody & Sherman,6.8,6.157042759,109846
Mr. Popper's Penguins,6.0,5.376061056,87483
Mr. Smith Goes to Washington,8.1,7.399386283,3444
Mrs. Doubtfire,7.1,6.671074276,711
Mrs. Winterbourne,6.2,5.497451176,2771
Much Ado About Nothing,7.3,6.886427901,5768
Mud,7.4,6.402416446,6379
Mulan,7.7,7.110263183,1907
Multiplicity,6.1,5.207029567,719
Mumford,6.8,6.16256627,4095
Munich,7.5,6.383863009,41997
Muppets Most Wanted,6.4,5.440397657,110297
Murder by Numbers,6.2,5.173191697,5312
Murderball,7.7,6.805314833,34153
Music and Lyrics,6.5,6.066959594,51084
Must Love Dogs,5.9,5.018436191,53974
Mutual Appreciation,6.7,5.694673198,47808
My Beautiful Laundrette,6.8,5.939669411,5367
My Best Friend's Girl,5.8,4.498893467,1219
My Best Friend's Wedding,6.3,5.846878408,1569
My Big Fat Greek Wedding,6.6,6.280970924,1981
My Blueberry Nights,6.6,5.83102987,6337
My Cousin Vinny,7.6,7.485493002,48322
My Date with Drew,6.5,5.373673915,34767
My Dog Skip,7.0,6.508716019,2991
My Dog Tulip,6.9,6.284084982,86604
My Favorite Martian,5.1,4.019359777,2498
My Fellow Americans,6.5,6.313516918,55276
My Life Without Me,7.4,6.989452566,96655
My Name Is Bruce,6.1,5.377684,5256
My Own Private Idaho,7.0,6.585643208,121155
My Sister's Keeper,7.3,6.649913971,52973
My Soul to Take,4.8,3.851361203,4482
My Summer of Love,6.7,6.290105708,2891
My Super Ex-Girlfriend,5.2,3.934480354,338
My Week with Marilyn,6.9,6.174473103,5448
Mystery Men,6.1,5.098141186,2723
"Mystery, Alaska",6.7,6.022018745,43930
Mystic Pizza,6.3,5.855439148,54768
Mystic River,7.9,6.740409206,70286
Nacho Libre,5.9,4.810454207,3087
Nancy Drew,5.9,4.781832303,59016
Nanny McPhee,6.6,6.32399713,6624
Napoleon Dynamite,7.0,5.758918657,8376
Narc,7.1,6.368767148,39414
National Treasure,6.9,6.464842109,8972
Need for Speed,6.4,5.298538705,109850
Network,8.1,6.818840881,63590
Never Back Down,6.5,5.773209152,49910
Never Say Never Again,6.1,4.979082843,7573
New Year's Eve,5.6,4.302128115,7345
New York Minute,4.9,4.102105816,7453
New in Town,5.7,4.902422642,1753
Newlyweds,6.3,6.366344937,91829
Next Day Air,5.7,5.362442869,6053
Next Friday,6.1,5.27082502,67734
Nicholas Nickleby,7.1,6.681755047,3276
Nick and Norah's Infinite Playlist,6.6,5.675677437,5874
Night at the Museum,6.5,6.12115306,46972
Night at the Museum: Battle of the Smithsonian,6.0,5.637573931,68793
Night at the Museum: Secret of the Tomb,6.2,5.380375835,119155
Night of the Living Dead,7.8,6.961558964,3688
Nightcrawler,7.8,6.897953216,296
Nighthawks,6.3,5.83554679,117881
Nim's Island,6.0,5.266148283,58972
Nine,5.8,4.453510319,73000
Nine Dead,5.4,3.551906766,105630
Ninja Assassin,6.3,5.353643232,72489
Nixon,7.1,6.139556815,14
No Country for Old Men,8.2,6.577632442,3439
No End in Sight,8.2,6.071577178,48744
No Escape,6.7,6.063158318,67267
No Reservations,6.3,5.728737087,2052
No Strings Attached,6.2,5.708979506,99415
Noah,5.8,4.431022501,110127
Non-Stop,6.9,6.327196379,8037
North Country,7.3,6.400817446,53207
Northfork,6.2,5.43355621,4218
Not Easily Broken,6.1,5.98721224,504
Notes on a Scandal,7.4,6.754450058,69712
Nothing,6.1,5.113357949,91010
Nothing to Lose,6.7,6.197594655,4262
Notting Hill,7.2,6.649922952,2671
November,6.7,6.872327482,34330
Novocaine,5.8,4.889962889,6932
Now Is Good,7.0,6.467091263,100356
Now You See Me,7.2,6.207680549,102903
Nowhere Boy,7.1,6.65280216,80324
Nurse Betty,6.3,5.058379561,62434
Nutty Professor II: The Klumps,4.5,3.003500796,3821
"O Brother, Where Art Thou?",7.7,7.364001183,6058
Oblivion,7.0,6.284896437,101864
Ocean's Eleven,7.7,6.499974167,4963
Ocean's Thirteen,6.9,5.920830263,53322
Ocean's Twelve,6.5,4.908145469,8984
Octopussy,6.5,6.075715541,110826
Oculus,6.5,5.791315566,4226
Office Space,7.6,7.004901082,1142
Old Dogs,5.3,3.86198191,99117
Old Joy,6.8,5.827164818,50259
Old School,7.0,7.048252169,3791
Oliver Twist,6.8,6.238928971,8341
Oliver!,7.4,7.053816409,4571
Olympus Has Fallen,6.5,5.352337625,101362
On Deadly Ground,4.6,3.862810512,7725
On Her Majesty's Secret Service,6.7,6.060839254,497
On the Line,4.2,2.577300267,117861
On the Road,6.0,5.091170739,2020
Once Upon a Time in America,8.3,7.059792812,1242
Once Upon a Time in Mexico,6.3,5.851764246,4238
Ondine,6.8,6.310094357,35015
One Direction: This Is Us,4.3,3.543616048,51088
One Flew Over the Cuckoo's Nest,8.7,7.707691556,95133
One Missed Call,4.0,3.260465525,3481
One Night with the King,6.0,5.115138333,348
One True Thing,6.9,6.597402566,113207
One for the Money,5.3,4.504678062,92264
Only God Forgives,5.7,4.274634229,54094
Only the Strong,6.5,5.921300404,4642
Open Range,7.4,6.973024331,2125
Open Season,6.1,5.250467498,402
Open Water,5.8,4.416194371,27822
Ordinary People,7.7,7.451346804,1028
Original Sin,6.0,5.053426612,91628
Orphan,7.0,6.378136661,51925
Osama,7.3,6.545499228,7177
Osmosis Jones,6.3,5.561436591,4719
Ouija,4.5,3.638545978,90469
Our Idiot Brother,6.4,5.697254821,2639
Out Cold,6.2,4.77216055,2730
Out of Africa,7.1,6.688387313,8862
Out of Sight,7.0,6.081785934,1912
Out of Time,6.5,6.251764868,6862
Out of the Blue,7.1,7.517861384,60341
Out of the Blue,7.1,7.517861384,8530
Outbreak,6.6,5.962764626,292
Outside Providence,6.4,5.130435348,117456
Over Her Dead Body,5.3,4.430556552,100083
Over the Hedge,6.7,5.970781076,45431
Owning Mahowny,7.0,6.205298334,95761
P.S. I Love You,7.0,5.898446463,5458
PCU,6.5,6.020041467,5577
Pacific Rim,6.9,5.685661307,103228
Paddington,7.3,6.741583928,117887
Pain & Gain,6.4,5.166185732,73929
Paint Your Wagon,6.6,6.135492279,22
Pale Rider,7.3,6.439706843,129352
Pan,5.7,4.766195483,127001
Pandorum,6.7,6.143024862,71135
Panic Room,6.8,6.161622797,5266
Paparazzi,5.7,4.556419766,6953
ParaNorman,7.0,6.491778828,96281
Paranormal Activity,6.3,4.421333587,71379
Paranormal Activity 2,5.7,4.881435192,778
Paranormal Activity 3,5.8,4.529169122,113715
Paranormal Activity 4,4.6,3.400280431,115534
Paranormal Activity: The Marked Ones,5.0,4.277596615,1019
Parental Guidance,6.0,5.488090989,6535
Parker,6.2,5.654353405,116787
Party Monster,6.2,5.421258762,82767
Passchendaele,6.4,5.520649968,118898
Patch Adams,6.8,6.412600479,2431
Pathology,5.9,4.859731117,81804
Patriot Games,6.8,6.159546112,3256
Paul,6.9,6.506065462,84772
Paul Blart: Mall Cop,5.3,4.463437984,129415
Pay It Forward,7.2,6.16870039,3969
Payback,7.1,6.309414426,2490
Paycheck,6.3,5.250209565,7163
"Peace, Propaganda & the Promised Land",8.2,6.12335391,113790
Peaceful Warrior,7.2,6.724581101,26600
Pearl Harbor,6.2,4.875385114,4310
Penguins of Madagascar,6.6,6.098816784,117851
Penitentiary,5.7,5.569198912,2954
People I Know,5.4,4.453994569,8585
Percy Jackson & the Olympians: The Lightning Thief,5.9,4.347493322,74530
Percy Jackson: Sea of Monsters,5.7,4.86241936,104074
Perfume: The Story of a Murderer,7.5,6.434702806,48997
Persepolis,8.0,7.309124146,91673
Pet Sematary,6.5,5.763435238,4011
Pete's Dragon,6.7,5.981107635,1895
Phantasm II,6.4,5.598898346,51520
Phat Girlz,3.3,3.049064849,7070
Phenomenon,6.4,6.374949519,6936
Phone Booth,7.1,6.232314952,60141
Pi,7.3,5.935137898,1921
Pieces of April,7.0,6.732852806,6881
Pineapple Express,6.9,6.198280206,7004
Pink Flamingos,6.0,4.675452445,2361
Pinocchio,7.5,7.098773336,596
Pirates of the Caribbean: At World's End,7.1,6.332912095,53125
Pirates of the Caribbean: Dead Man's Chest,7.4,6.395759869,45722
Pirates of the Caribbean: On Stranger Tides,6.6,5.891261916,86880
Pirates of the Caribbean: The Curse of the Black Pearl,8.1,7.212544241,6539
Pitch Black,7.0,6.736285253,3409
Planet 51,6.0,5.807973937,72701
Planet of the Apes,5.7,4.583959862,2529
Plastic,6.0,4.229054365,7569
Platoon,8.1,7.246167768,1380
Playing for Keeps,5.7,5.004065332,3579
Please Give,6.6,5.70807647,3597
Pocahontas,6.7,6.362048343,48
Pocketful of Miracles,7.1,6.885876788,98626
Point Blank,7.3,6.158070094,112450
Point Break,5.3,3.97086261,4351
Police Academy,6.7,6.367350132,59729
Police Academy: Mission to Moscow,3.5,2.469959042,84242
Polisse,7.3,6.858443519,85763
Pollock,7.0,6.250129094,87413
Poltergeist,7.3,6.740736695,5219
Poltergeist III,4.7,4.31574252,98056
Pompeii,5.5,4.194457453,110968
Pontypool,6.5,6.37845772,80655
Pooh's Heffalump Movie,6.4,7.445749269,70
Poolhall Junkies,6.8,5.796404206,127132
Pootie Tang,5.3,4.587824674,83334
Porky's,6.2,5.249471895,1794
Poseidon,5.7,5.007104375,45442
Poultrygeist: Night of the Chicken Dead,6.0,5.014043947,65310
Practical Magic,6.3,5.644886333,2316
Precious,7.3,6.41538726,72395
Predator 2,6.3,5.881477469,5128
Predators,6.4,5.957623136,79057
Prefontaine,6.8,7.006685548,83270
Premium Rush,6.5,6.073314311,32011
Premonition,5.9,4.39424675,31431
Pride & Prejudice,7.8,6.962504351,115381
Pride and Glory,6.6,5.915688553,2450
Priest,5.7,4.928841754,299
Primary Colors,6.7,5.604001555,1810
Primer,6.7,5.373611112,8914
Prince of Persia: The Sands of Time,6.5,6.223388173,78105
Prisoners,8.2,7.427241818,104879
Project Almanac,6.3,5.475403605,96751
Prom,5.4,4.434486305,4036
Prometheus,7.0,5.659233915,94864
Proof of Life,6.3,5.337173812,3998
Psycho,8.5,7.445902718,2328
Psycho Beach Party,6.0,5.81254133,1755
Public Enemies,6.9,5.733949528,69640
Pulp Fiction,8.9,7.858389485,65868
Pulse,4.7,3.745156197,3471
Punch-Drunk Love,7.3,6.639396413,54775
Punisher: War Zone,5.9,4.729738674,2210
Purple Violets,6.4,4.573483527,31042
Pushing Tin,6.0,4.828342286,190
Puss in Boots,6.6,6.011841752,90647
Quantum of Solace,6.5,4.872061486,63113
Quartet,6.8,6.523305291,4900
Queen of the Damned,5.3,3.710114375,61262
Quest for Camelot,6.3,5.46461811,1881
Quigley Down Under,6.9,6.370877703,44731
Quo Vadis,7.1,6.657005878,108514
R.I.P.D.,5.6,4.944747731,103655
R100,5.9,5.129984992,5424
Rabbit Hole,7.0,6.315758777,118354
Rabbit-Proof Fence,7.4,6.678788053,31694
Race,7.1,6.541979456,88672
Race to Witch Mountain,5.7,5.561570529,70305
Rachel Getting Married,6.7,5.514868265,105715
Racing Stripes,5.2,4.1483684,56941
Radio,6.9,6.0996185,80839
Radio Flyer,6.9,6.983971314,1525
Rain Man,8.0,7.288872701,500
Raise the Titanic,5.2,4.32811444,3403
Raising Cain,6.1,4.838916843,4845
Raising Helen,6.0,5.643117237,8362
Rambo III,5.8,4.919403904,2404
Rambo: First Blood Part II,6.5,6.259088101,2402
Rampage,6.1,4.797560006,74255
Random Hearts,5.3,4.187290052,2906
Rango,7.3,6.868934789,84944
Ransom,6.7,6.01139693,832
Rapa Nui,6.4,5.255204539,82378
Rat Race,6.5,5.492787547,4728
Ratatouille,8.1,7.419021206,50872
Ravenous,6.9,5.607958139,5112
Ray,7.7,6.951315133,8958
Ready to Rumble,5.3,4.572393574,7255
Real Steel,7.1,6.849478183,90249
Real Women Have Curves,6.9,6.795733777,32342
Rebecca,8.1,7.305611002,928
Recess: School's Out,6.5,6.137174784,1951
Red Dawn,6.3,4.819400344,3441
Red Dog,7.3,7.081690871,86320
Red Dragon,7.2,6.242441622,5630
Red Eye,6.5,5.839069348,3686
Red Planet,5.7,4.954764017,3981
Red Riding Hood,5.4,4.298066943,85397
Red River,7.7,7.244874308,2623
Red State,6.1,4.650781799,36537
Red Tails,5.9,4.268152238,92234
Redacted,6.1,4.857963349,84961
Redbelt,6.7,5.870557344,5235
Reds,7.3,6.801905342,106839
Reign Over Me,7.4,6.713897408,2236
Reign of Fire,6.2,5.658399353,5463
Reindeer Games,5.8,4.750498429,3316
Religulous,7.6,6.392831893,103539
Remember the Titans,7.8,6.684958099,74131
Renaissance Man,6.2,5.598429293,516
Rendition,6.8,5.973679347,49961
Reno 911!: Miami,5.9,5.079526602,102194
Rent,6.8,6.311210558,40826
Repo Man,6.8,6.122056919,85788
Repo Men,6.3,5.125503169,2976
Repo! The Genetic Opera,6.4,5.060117884,33781
Requiem for a Dream,8.3,6.786988966,866
Rescue Dawn,7.3,6.769179037,4875
Resident Evil,6.6,5.747310153,1466
Resident Evil: Afterlife,5.8,4.619917705,80363
Resident Evil: Apocalypse,6.1,4.982143608,8861
Resident Evil: Extinction,6.2,4.913781787,55232
Resident Evil: Retribution,5.3,4.389536162,96691
Restless,7.1,5.951619369,55154
Return to Me,7.0,6.165725941,2338
Return to Never Land,5.8,4.814102524,43919
Return to Oz,6.8,6.046297318,1748
Return to the Blue Lagoon,5.2,4.553665318,106766
Revolutionary Road,7.3,6.30998966,65130
Richard III,7.3,6.877478549,72224
Riddick,6.4,5.579908711,104243
Ride Along,6.1,5.278925466,55820
Ride with the Devil,6.7,6.394405501,5809
Riding Giants,7.8,8.081780942,50610
Riding in Cars with Boys,6.5,5.515831138,4867
Righteous Kill,6.0,4.769585281,61697
Rio,6.9,6.370732492,86298
Rio 2,6.3,5.462609219,110655
Ripley's Game,6.6,6.207625799,115220
Rise of the Guardians,7.2,7.151944985,98243
Rise of the Planet of the Apes,7.6,6.265412638,88744
River's Edge,6.9,5.833974801,103819
Road Hard,6.0,5.278249278,66427
Road House,6.7,6.330113802,26492
Road to Perdition,7.7,6.448283905,5464
Rob Roy,6.9,6.623097118,541
Robin Hood,6.6,5.470232941,3034
Robin Hood: Prince of Thieves,6.9,6.318670308,1027
Robin and Marian,6.5,5.995649372,8366
RoboCop,6.1,4.930580711,2985
RoboCop 3,4.2,3.600907838,8910
Robot & Frank,7.0,6.501685684,60133
Robots,6.4,5.612781217,32031
Rock Star,6.3,5.541560023,4757
Rock of Ages,5.9,4.838518624,95307
Rockaway,4.3,5.903054059,1078
Rocky Balboa,7.1,6.975438174,1376
Roger & Me,7.5,6.424527314,2064
Role Models,6.8,6.187130524,1036
Roll Bounce,6.2,5.688216304,4949
Rollerball,3.1,1.901086694,5094
Romance & Cigarettes,6.2,5.627846656,5841
Romeo Is Bleeding,6.5,5.441383343,93512
Romeo Must Die,6.1,5.274809335,553
Ronin,7.2,7.252673973,2278
Rosemary's Baby,8.0,7.276178849,2998
Rosewater,6.6,5.985102567,59594
Rubber,5.7,4.231434459,81132
Rudderless,7.4,7.3418101,66240
Run All Night,6.6,6.021279998,129937
Runaway Bride,5.6,3.994178142,2724
Runner Runner,5.6,4.810459307,82527
Rush,8.1,7.469929122,8158
Rush Hour 2,6.7,5.972504658,4701
Rush Hour 3,6.2,5.286752484,54648
Rushmore,7.6,6.401331698,37844
S.W.A.T.,6.1,5.053629429,6595
Sabotage,5.7,4.149916071,2196
Safe,6.5,5.88947096,46965
Safe Haven,6.7,6.27055244,4816
Safe House,6.7,5.787600376,26996
Sahara,6.1,5.427052166,5001
Saint John of Las Vegas,5.6,4.752862404,33725
Saint Ralph,7.3,7.19693072,102070
Salt,6.5,5.539236593,79293
Salvador,7.4,6.571912959,8460
Salvation Boulevard,5.3,4.713569276,113300
Samsara,8.4,6.983553753,89343
Sanctum,5.9,4.349030286,48698
Savage Grace,5.7,4.887023424,102684
Savages,6.4,5.056050925,56956
Saved!,6.7,6.372204679,3945
Saving Face,7.4,6.834564352,3747
Saving Mr. Banks,7.5,6.829177145,88405
Saving Private Ryan,8.6,7.548135667,2028
Saw II,6.6,5.80853357,104908
Saw III,6.2,5.517324083,1704
Saw IV,5.9,5.119732802,2485
Saw V,5.8,4.630171116,54833
Saw VI,6.0,5.65719341,2541
Say It Isn't So,5.0,4.459139626,30896
Scarface,8.3,7.002733344,43560
Scary Movie 2,5.4,4.437640231,4388
Scary Movie 3,5.6,5.425185483,6888
Scary Movie 4,5.1,3.920762608,44972
Schindler's List,9.0,8.199914615,115147
School Daze,6.1,5.866680278,1129
School for Scoundrels,5.9,4.955068886,55247
School of Rock,7.2,6.721382991,112497
Scooby-Doo,5.3,4.996814781,5419
Scooby-Doo 2: Monsters Unleashed,5.3,4.942479591,527
Scoop,6.6,5.648824442,112290
Scott Pilgrim vs. the World,7.6,7.067721671,79702
Scott Walker: 30 Century Man,7.2,6.657514336,89590
Scream,7.4,7.260662151,4661
Scream 2,6.3,5.705024352,49651
Scream 3,5.7,5.079935143,3273
Scream 4,6.2,5.26967691,86295
Screwed,5.7,3.93196499,64229
Scrooged,6.9,6.441179946,5048
Sea of Love,6.8,6.331995311,87485
Seabiscuit,7.3,6.870149349,6565
Secondhand Lions,7.5,6.859935831,68952
Secret Window,6.5,5.778001566,7347
Secretariat,7.2,6.497324181,196
Secretary,6.9,6.048808516,18
Seeking a Friend for the End of the World,6.7,6.012229873,57538
Selena,6.9,6.347428532,137
Selma,7.5,6.795130803,5109
Semi-Pro,5.8,4.910483273,58156
September Dawn,5.8,4.611236601,6847
Serendipity,6.8,6.024087698,2989
Serenity,7.8,7.423534604,34405
Serving Sara,5.3,4.123873564,6003
Session 9,6.4,5.21416631,482
Set It Off,6.9,6.362760685,6560
Seven Pounds,7.6,7.265093578,64716
Seven Years in Tibet,7.1,6.164664211,1619
Seventh Son,5.5,4.672711026,119655
Severance,6.4,5.690112188,71429
Sex Drive,6.5,5.428653902,3820
Sex Tape,5.1,3.447808564,112788
Sex and the City 2,4.5,2.87353555,78174
Sexy Beast,7.3,6.66945494,129845
Sgt. Bilko,5.8,5.697613759,637
Shade,6.3,5.46925364,34523
Shadow Conspiracy,4.9,4.219266073,1055
Shadow of the Vampire,6.9,6.074115335,80549
Shadowlands,7.3,6.975718506,40614
Shaft,6.0,5.410372959,3729
Shakespeare in Love,7.1,6.281972957,2014
Shalako,5.6,5.171758063,594
Shall We Dance?,6.2,5.196980601,8916
Shallow Hal,6.0,4.885335606,4890
Shame,7.2,5.854147235,2974
Shanghai Calling,6.2,6.241553928,101294
Shanghai Knights,6.2,6.400556774,6156
Shanghai Noon,6.6,5.634016508,3624
Shark Tale,6.0,5.446703127,8907
Sharknado,3.3,2.36145156,4373
Shattered Glass,7.1,6.545395832,7192
Shaun of the Dead,7.9,7.291170142,5299
She Done Him Wrong,6.3,5.52184387,25801
She Wore a Yellow Ribbon,7.2,6.534221912,1944
She's All That,5.9,4.719703899,3882
She's Gotta Have It,6.9,6.316114741,3422
She's Out of My League,6.4,6.081789622,73268
She's the Man,6.4,5.424873732,6196
She's the One,6.0,5.323444013,1886
Sheena,4.9,4.683350941,26755
Sherlock Holmes,7.6,6.609458217,73017
Sherlock Holmes: A Game of Shadows,7.4,6.792297665,91542
Shine,7.6,7.122992702,1957
Shooter,7.1,6.482495761,51935
Shooting Fish,6.5,6.173400264,96832
Shopgirl,6.3,5.39752508,53435
Shortbus,6.4,5.319709761,8855
Shorts,4.7,4.334910874,45221
Shotgun Stories,7.1,6.315561897,60735
Show Boat,6.8,6.114467153,1870
Showdown in Little Tokyo,6.1,5.60979252,5613
Showgirls,5.1,4.146718459,193
Shrek,7.9,7.285834812,4306
Shrek 2,7.4,6.641742572,8360
Shrek the Third,6.1,5.418445608,53121
Shutter,5.2,3.985743069,89864
Shutter Island,8.2,7.086397791,74458
Sicko,8.0,6.618318439,1991
Side Effects,7.1,6.059419302,4341
Signs,6.8,5.615494498,5502
Silent Hill,6.5,5.644544704,45081
Silent House,5.2,4.303791826,2908
Silent Movie,6.7,5.964645906,1193
Silver Linings Playbook,7.7,6.415118771,4771
Silverado,7.2,6.733111948,5264
Simon Birch,6.8,6.296087935,3479
Simply Irresistible,5.2,3.861230711,112946
Sin City,8.0,7.083221986,32587
Sin City: A Dame to Kill For,6.5,5.751479377,113573
Sinbad: Legend of the Seven Seas,6.7,5.994586378,6536
Singin' in the Rain,8.3,7.654963241,57432
Sinister,6.8,6.137160219,5669
Six Days Seven Nights,5.9,4.907205635,1894
Six-String Samurai,6.4,5.675982462,57910
Sky Captain and the World of Tomorrow,6.1,5.319396911,8865
Sky High,6.3,5.314122986,1617
Skyfall,7.8,6.869529362,96079
Skyline,4.5,3.248245914,2395
Slacker,7.0,6.005040102,6978
Slackers,5.3,3.918188281,1215
Sleep Dealer,6.0,5.903224198,79430
Sleeper,7.1,6.7242469,2948
Sleepers,7.5,6.956896971,1061
Sleepover,5.3,3.763243097,2387
Sliding Doors,6.7,6.252138718,4062
Sling Blade,8.0,7.21842279,26398
Small Apartments,6.1,5.855011098,109455
Small Soldiers,6.3,5.721269855,1920
Smilla's Sense of Snow,6.3,5.58347524,7030
Smoke Signals,7.2,6.474130904,25860
Snake Eyes,6.1,5.286621624,2126
Snakes on a Plane,5.5,3.607520669,98373
Snatch,8.2,6.903720966,74228
Snow Dogs,5.2,4.701066855,802
Snow Falling on Cedars,6.7,5.561242225,3185
Snow Flower and the Secret Fan,6.1,4.84988481,31290
Snow White and the Huntsman,6.1,5.455485021,94780
Snow White and the Seven Dwarfs,7.6,7.358485863,118862
Snow White: A Tale of Terror,6.1,5.690821923,7294
Snowpiercer,7.1,6.045582379,107406
Soldier,6.0,5.510402749,2322
Some Guy Who Kills People,6.3,5.659885907,95690
Some Like It Hot,8.2,7.436535845,34271
Something Borrowed,5.8,4.471326031,90405
Something's Gotta Give,6.7,5.959590245,7149
Somewhere,6.3,5.146118117,110649
Somewhere in Time,7.2,6.536795896,3116
Son of God,5.7,5.107355496,5014
Son of the Mask,2.3,2.008175084,31698
Sorcerer,7.7,6.676343463,114007
Sorority Boys,5.5,4.263151737,7151
Soul Food,7.0,6.586349643,1962
Soul Kitchen,7.2,6.773409298,118248
Soul Men,6.4,6.438379376,63481
Sound of My Voice,6.6,6.024188528,94799
Source Code,7.5,6.429357587,85399
Space Battleship Yamato,6.0,4.979217572,7827
Space Chimps,4.5,3.806740873,60649
Space Cowboys,6.5,5.902099223,3827
Space Jam,6.5,5.866136609,673
Spaceballs,7.1,6.856156957,55094
Spaced Invaders,5.3,3.790340198,1979
Spanglish,6.4,5.595711934,27808
Sparkle,5.8,5.192778733,1030
Spawn,5.2,4.281293252,1591
Species,5.9,5.252783977,1614
Speed,7.3,6.886412086,1
Speed 2: Cruise Control,4.0,2.708893615,1556
Speed Racer,6.1,4.895925758,59037
Spellbound,7.5,6.833547215,5222
Sphere,6.1,4.721615879,1779
Sphinx,5.1,4.377511364,120118
Spice World,3.7,2.078722243,3066
Spider-Man,7.4,7.017335625,5349
Spider-Man 2,7.5,6.827638015,8636
Spider-Man 3,6.3,5.522255787,52722
Spirit: Stallion of the Cimarron,7.2,6.815909984,5389
Splash,6.3,6.327211112,7319
Splice,5.8,4.763168874,39234
Split Second,6.0,5.251512385,54268
Spun,6.7,5.991758732,4878
Spy Game,7.1,6.267428539,4901
Spy Kids,5.6,5.642581051,2002
St. Trinian's,5.8,5.164963251,4623
Stake Land,6.4,5.710252162,104631
Stand by Me,8.1,7.862983409,46578
Standard Operating Procedure,7.4,5.907057933,1352
Star Trek,7.9,6.57028677,68358
Star Trek IV: The Voyage Home,7.3,7.038030445,95488
Star Trek Into Darkness,7.7,6.517487931,102445
Star Trek V: The Final Frontier,5.5,4.337557889,2497
Star Trek VI: The Undiscovered Country,7.2,6.625870353,55284
Star Trek: First Contact,7.6,7.169453245,1356
Star Trek: Generations,6.6,5.783660017,329
Star Trek: Insurrection,6.4,6.052422087,2393
Star Trek: Nemesis,6.4,5.742615211,5944
Star Trek: The Motion Picture,6.4,5.673263614,3494
Star Wars: Episode I - The Phantom Menace,6.5,5.587448115,2628
Star Wars: Episode II - Attack of the Clones,6.6,5.747528561,5378
Star Wars: Episode III - Revenge of the Sith,7.6,7.535307173,33493
Stardust,7.6,7.25734075,54259
Stargate: The Ark of Truth,7.2,6.217470859,2401
Starship Troopers,7.3,6.113699998,1676
Starsky & Hutch,6.1,5.23333111,7325
State Fair,7.0,6.250001061,3949
State of Play,7.1,5.781719711,68159
Stay Alive,5.0,4.060497497,84125
Stealing Harvard,5.1,3.699493051,990
Stealth,5.1,4.123236922,34334
Step Brothers,6.9,6.212568979,60756
Step Up 3D,6.2,5.180830841,6753
Step Up Revolution,6.4,5.356206577,3646
Stepmom,6.8,6.239250502,2432
Stick It,6.4,5.34303907,88468
Stigmata,6.2,4.849305226,102123
Still Alice,7.5,6.486882881,1660
Stitches,5.7,4.634926946,92391
Stoker,6.7,5.674148895,2560
Stolen,5.5,4.363839866,2835
Stolen Summer,6.5,6.065070279,3462
Stone,5.4,4.304521651,26393
Stone Cold,6.1,5.302065245,6301
Stonewall,5.3,4.036412559,80763
Stop-Loss,6.4,5.428092155,4047
Strange Wilderness,5.2,2.880686897,6220
Straw Dogs,5.8,4.692562873,691
Street Fighter,4.1,2.637337634,4899
Street Fighter: The Legend of Chun-Li,3.7,2.901845599,66639
Street Kings,6.8,6.004867206,80858
Stripes,6.8,6.182278441,48877
Striptease,4.6,4.243282567,762
Stuart Little,6.0,5.314651087,3157
Stuart Little 2,5.5,5.304648538,5480
Stuck on You,5.8,5.024311111,7150
Sublime,5.3,3.568027419,94917
Subway,6.5,5.453260912,1875
Sucker Punch,6.1,4.707999273,85510
Sugar Hill,5.8,6.929186149,4143
Sugar Town,6.1,5.282590539,2865
Summer of Sam,6.7,5.881694377,96283
Sunshine,7.2,6.004021777,3720
Sunshine Cleaning,6.8,6.219928689,92192
Sunshine State,6.8,6.213521473,6218
Super,6.7,6.14373058,72630
Super 8,7.0,6.008248581,87306
Super Mario Bros.,4.2,3.424485208,546
Super Size Me,7.2,6.605240136,8464
Supercross,4.3,3.595313174,101137
Superhero Movie,4.7,4.493519121,3317
Superman,7.4,6.765641195,2640
Superman II,6.8,6.782241518,2641
Superman III,5.0,4.642930601,2642
Superman Returns,6.1,5.328402728,46530
Supernova,4.8,4.032009529,3190
Supporting Characters,6.2,5.446754362,105157
Surf's Up,6.7,6.183928121,53460
"Surfer, Dude",4.6,3.428588263,32234
Surrogates,6.3,5.604132243,71530
Suspect Zero,5.8,4.826965986,76030
Sweet Charity,6.9,6.386166134,7437
Sweet Home Alabama,6.2,5.506890108,5620
Sweet November,6.7,5.55320172,4155
Sweet Sweetback's Baadasssss Song,5.5,4.360346808,26257
Swept Away,3.6,2.537947398,2767
Swimfan,5.1,4.448179113,4654
Swimming Pool,6.7,6.07538042,43744
Swing Vote,6.1,5.225158251,66665
Swingers,7.2,6.307682514,1060
Switchback,6.4,6.010191318,1661
Swordfish,6.5,5.555658104,4344
"Synecdoche, New York",7.5,5.834986227,62577
Syriana,6.9,5.291551567,40583
Tadpole,6.2,5.23300785,5485
Take Me Home Tonight,6.3,5.647513065,73319
Take Shelter,7.3,5.880362136,1358
Take the Lead,6.6,6.330243197,1345
Taken,7.7,6.708385238,62437
Taken 2,6.2,5.322731358,96861
Taken 3,6.0,4.998232065,120635
Takers,6.2,5.264290768,3980
Taking Woodstock,6.7,5.729813713,63131
Tales from the Hood,6.5,6.069948721,1680
Talk Radio,7.2,6.527118091,5617
Talladega Nights: The Ballad of Ricky Bobby,6.6,5.735405462,46970
Tammy,4.9,3.937824081,31422
Tangled,7.7,7.368245078,81847
Tango & Cash,6.4,5.66440997,4673
Tank Girl,5.4,3.51712677,4229
Tanner Hall,5.7,5.101801533,129372
Tarnation,7.1,5.78452101,8938
Teacher's Pet,5.7,5.659905814,2329
Team America: World Police,7.2,7.162453936,64575
Tears of the Sun,6.6,6.114703899,6213
Ted,6.9,5.587501161,95441
Teen Wolf Too,3.5,2.304933563,100714
Teenage Mutant Ninja Turtles,5.8,4.316441104,3438
Teenage Mutant Ninja Turtles II: The Secret of the Ooze,6.0,5.01410207,57368
Teenage Mutant Ninja Turtles III,4.8,3.776053283,53956
Teeth,5.4,4.636594205,4919
Terminator 2: Judgment Day,8.6,8.045043177,589
Terminator 3: Rise of the Machines,6.3,5.409367741,6537
Terminator Salvation,6.5,5.817895261,68791
Texas Rangers,5.2,4.623043595,4962
Thank You for Smoking,7.5,6.499769395,1621
That Awkward Moment,6.1,5.075828062,45003
That Thing You Do!,7.0,6.383010106,96941
That's My Boy,5.6,4.382673701,96616
The Amazing Spider-Man 2,6.6,6.141112729,110553
The Best of Me,6.7,5.718927209,59369
The Boss,5.4,3.734032733,5529
The Boy,6.0,5.413382092,6664
The Boy Next Door,4.7,3.868414494,25
The Butterfly Effect,7.6,6.40719394,4247
The Chumscrubber,6.8,5.677884067,61123
The Count of Monte Cristo,7.7,6.763912502,5064
The DUFF,6.4,5.955043238,2599
The Dark Knight,9.0,7.959729516,130219
The Diary of a Teenage Girl,6.8,6.093156024,55071
The Elephant Man,8.2,7.419203118,107769
The Forest,4.8,4.415160595,3943
The Fountain,7.2,5.633049518,129737
The Four Feathers,6.5,5.653569486,4118
The Gambler,6.0,4.642891413,785
The Great Gatsby,7.2,6.124435243,121618
The Great Raid,6.6,5.869075764,34536
The Gunman,5.8,5.087430372,130578
The Hobbit: The Battle of the Five Armies,7.4,6.256326793,118696
The Hunger Games: Mockingjay - Part 1,6.6,5.673889937,116823
The Interview,6.5,5.347600657,119141
The Island,6.8,6.58569666,63515
The Last Five Years,5.9,4.743950246,831
The Lazarus Effect,5.2,4.538393512,106100
The Lego Movie,7.7,7.155384802,108932
The Lone Ranger,6.4,5.479469205,121693
The Losers,6.2,4.914675103,74688
The Magic Flute,6.5,6.872668024,58432
The Open Road,5.5,5.920532612,122932
The Phantom of the Opera,7.2,6.366308943,123107
The Second Best Exotic Marigold Hotel,6.5,5.990226667,82095
The Spectacular Now,7.0,6.304627772,6770
The Water Diviner,7.0,6.424962843,3033
There Goes My Baby,6.3,5.495994257,52668
There Will Be Blood,8.2,6.915126143,1604
There's Something About Mary,7.1,6.420659636,587
They Came Together,5.6,4.204838935,91826
They Live,7.2,6.850585322,73109
Think Like a Man Too,5.7,3.878374557,1717
Thirteen,6.8,5.768473258,8638
Thirteen Days,7.3,6.235189763,4033
This Is 40,6.2,4.885379355,3246
This Is England,7.7,6.819693758,47997
This Is Where I Leave You,6.6,6.209285239,46723
This Is the End,6.6,5.938886586,86833
This Means War,6.3,4.875166909,93326
Thomas and the Magic Railroad,4.2,3.329017679,6006
Thor,7.0,6.592825567,86332
Thor: The Dark World,6.7,5.754180802,106072
Three Kings,7.1,6.635232724,2890
Three to Tango,6.1,5.391385394,1701
Thumbsucker,6.5,5.749370262,54331
Thunderball,6.9,6.785379397,4857
Thunderbirds,4.3,3.402862489,8782
Tim and Eric's Billion Dollar Movie,5.3,4.166752997,96565
Timber Falls,5.2,4.040156426,27882
Timecop,5.9,5.465557022,4823
Timeline,5.6,5.128296964,6959
Tin Cup,6.4,5.691555178,852
Tinker Tailor Soldier Spy,7.0,6.084316637,5625
Tiny Furniture,6.2,5.386400965,82173
Titan A.E.,6.6,5.971695468,3745
Titanic,7.9,7.64342803,1721
To Die For,6.8,6.230697949,71821
To Kill a Mockingbird,8.3,7.866849184,1077
To Rome with Love,6.3,5.371054708,2707
Tombstone,7.8,6.651384742,84374
Tomcats,5.3,4.039051972,7339
Tomorrow Never Dies,6.5,5.825285633,1722
Topaz,6.2,5.59888903,3322
Topsy-Turvy,7.3,6.758665234,57536
Tora! Tora! Tora!,7.5,6.771884921,2336
Torn Curtain,6.6,5.866506187,2177
Torque,4.1,3.149212721,7175
Total Recall,7.5,7.027345214,2916
Touching the Void,8.0,6.853665291,78574
Tower Heist,6.2,5.934878743,90717
Town & Country,4.5,2.952823272,4268
Toy Story,8.3,7.595773374,4718
Toy Story 2,7.9,7.605116361,3114
Toy Story 3,8.3,7.494904035,78499
Tracker,6.5,6.058613568,4729
Trade,7.3,6.330831411,103978
Trading Places,7.5,6.856438238,3298
Traffic,7.6,6.635689123,4034
Train,4.7,3.533209209,2333
Training Day,7.8,6.430335914,4776
Trainspotting,8.1,7.091768197,953
Transcendence,6.2,5.075711106,110730
Transformers,7.1,6.35904121,53996
Transformers: Age of Extinction,5.6,4.787126354,112370
Transformers: Dark of the Moon,6.2,5.539284986,87520
Transformers: Revenge of the Fallen,6.0,4.608207278,69526
Transporter 2,6.3,5.071955624,3250
Trapeze,6.8,6.531330811,128592
Trash,7.1,6.357954029,2067
Treasure Planet,7.2,6.589938765,5882
Trees Lounge,7.1,7.035636235,1051
Trekkies,6.9,6.426874296,2693
Tremors,7.2,6.720515178,5047
Triangle,6.9,5.980239462,94998
Trippin',5.3,5.893565977,6777
Tropic Thunder,7.1,7.022817626,61132
Trouble with the Curve,6.8,6.35627661,96693
Troy,7.3,6.567622291,7458
Trucker,6.5,6.445226637,73211
True Grit,7.6,6.474253299,87869
True Lies,7.3,6.79981021,380
Trust,6.9,6.064953344,3830
Trust the Man,5.7,4.326572665,53133
Tsotsi,7.2,6.649973803,851
Tumbleweeds,6.7,5.664934074,3118
Tupac: Resurrection,7.9,7.163461376,6948
Turbo,6.4,6.059212228,103755
Turbulence,5.0,3.53973019,1427
Tusk,5.4,3.842412259,6284
Twilight,5.3,4.657968528,1791
Twilight Zone: The Movie,6.4,6.107741382,3052
Twin Falls Idaho,7.1,6.625334206,2725
Twister,6.5,6.007923571,736
Two Lovers,7.0,6.332293839,6885
Two Weeks Notice,6.2,5.51167557,5957
U-571,6.6,5.146115169,3555
UHF,6.9,6.193414809,3519
Ulee's Gold,7.0,6.555350876,58332
"Ultramarines: A Warhammer 40,000 Movie",5.6,4.118441076,2470
Ultraviolet,4.4,2.652415713,8864
Unaccompanied Minors,5.4,4.619636072,5815
Unbreakable,7.3,6.339828224,3994
Unbroken,7.2,6.450092992,118702
Under Siege 2: Dark Territory,5.6,5.327207373,204
Under the Rainbow,5.3,4.794852822,53002
Underclassman,4.4,3.493744287,4985
Undercover Brother,5.9,5.494670187,56782
Underworld,7.0,6.507874109,109897
Underworld: Awakening,6.3,5.282695097,91974
Underworld: Evolution,6.7,5.281451398,42738
Underworld: Rise of the Lycans,6.5,6.080737612,72696
Undiscovered,4.2,3.613162348,5788
Undisputed,6.1,5.413620408,48600
Unfaithful,6.7,5.829489339,5364
Unfinished Business,5.4,4.30257681,43419
Universal Soldier: The Return,4.2,3.546979725,2807
Unknown,6.8,5.993343313,51037
Unstoppable,6.8,6.251417349,27735
Untraceable,6.2,5.107282906,3697
Up,8.3,7.315420194,68954
Up in the Air,7.4,6.457476948,266
Urbania,6.8,6.084118382,3903
Valentine,4.9,4.87829645,96849
Valentine's Day,5.7,4.635097117,74450
Valiant,5.5,4.938012374,90524
Valkyrie,7.1,6.213211613,64983
Vampires,6.1,5.408525055,61986
Vampires Suck,3.4,2.494083685,1487
Vanilla Sky,6.9,6.231565183,4975
Vantage Point,6.6,5.839040749,58103
Velvet Goldmine,6.9,5.955720966,61246
Vera Drake,7.6,6.361202182,337
Veronika Decides to Die,6.3,4.662766026,36511
Vertical Limit,6.0,5.191139691,3999
Very Bad Things,6.3,4.864512827,118985
Videodrome,7.2,6.573877829,838
Virgin Territory,4.7,4.366130719,59116
Virtuosity,5.5,5.156189228,2272
Volcano,5.5,4.590490351,1515
Volver,7.6,6.736822593,1996
W.,6.3,5.438390575,64614
Waiting for Guffman,7.4,6.970899716,4009
Waitress,7.0,6.002284388,6707
Wal-Mart: The High Cost of Low Price,6.8,5.257071971,113252
Walk Hard: The Dewey Cox Story,6.8,5.902145603,6518
Walk the Line,7.8,6.960741299,27408
Walking Tall,6.3,5.80989286,7376
Wall Street: Money Never Sleeps,6.2,4.813548852,80590
Wanderlust,5.6,4.574545085,58297
Wanted,6.7,5.616745278,60072
War,6.2,5.170651835,89028
War Horse,7.2,6.543065741,91126
War of the Worlds,6.5,5.238680184,34048
"War, Inc.",5.5,4.352347004,5675
Warlock,6.2,5.823230814,6290
Warlock: The Armageddon,5.4,4.324035814,1073
Warm Bodies,6.8,6.264838133,5945
Warrior,8.1,7.126962958,3740
Warriors of Virtue,4.7,4.09632237,47384
Watchmen,7.6,6.829756172,60684
Water,7.7,6.912344935,5685
Water for Elephants,6.9,6.223311632,86548
Waterloo,7.3,6.655256398,89650
Waterworld,6.3,4.910116022,208
Wayne's World,7.0,6.391742453,6212
We Are Marshall,7.0,6.79715648,49793
We Bought a Zoo,7.0,6.360193071,91653
We Need to Talk About Kevin,7.5,6.333307223,51174
We Own the Night,6.8,6.511274675,109569
We Were Soldiers,7.2,6.142669773,5152
We're No Angels,6.1,4.799521537,2978
We're the Millers,7.0,6.718962985,104211
Welcome to Collinwood,6.3,5.47548109,74488
Welcome to Mooseport,5.3,4.350815094,4699
Welcome to the Rileys,6.9,6.470883661,46572
Wendy and Lucy,7.1,6.223481785,65418
West Side Story,7.6,7.126969072,1956
What Dreams May Come,7.0,6.210155332,2297
What Just Happened,5.6,4.413124991,8369
What Lies Beneath,6.6,5.871337924,3798
What Planet Are You From?,5.6,5.121524593,3326
What Women Want,6.5,5.968261472,4018
What a Girl Wants,5.8,4.901322864,111795
What to Expect When You're Expecting,5.7,4.831131428,95199
What's Eating Gilbert Grape,7.7,7.033824597,5080
What's Your Number?,6.0,5.108670233,72762
What's the Worst That Could Happen?,5.4,4.034905898,48161
Where the Truth Lies,6.4,5.144379544,90430
Where the Wild Things Are,6.7,5.335430973,71745
Whiplash,8.5,7.214465167,65126
Whipped,4.4,2.850121364,43333
White Chicks,5.8,5.79386571,44
White House Down,6.3,4.847902596,103339
White Noise,5.5,4.464607719,55577
White Noise 2: The Light,5.7,4.401119182,8918
White Squall,6.6,6.390181549,86
Whiteout,5.5,4.783815976,4721
Who's Your Caddy?,2.3,2.251374345,5446
Wicked Blood,5.4,5.749074509,99813
Wicker Park,6.9,6.171034672,62792
Wild Card,5.6,5.283588934,50003
Wild Hogs,5.8,4.878544563,51575
Wild Target,6.7,5.809500829,53468
Wild Things,6.6,5.791341364,5784
Wild Wild West,4.9,3.942643887,2701
Willard,6.1,5.617630069,105086
Willy Wonka & the Chocolate Factory,7.8,7.422474244,78116
Wimbledon,6.3,5.781393682,100108
Win a Date with Tad Hamilton!,5.6,4.711767564,3186
Windtalkers,6.1,5.104181727,5420
Wing Commander,4.3,3.456519205,2867
Winnie the Pooh,7.1,6.810789335,100383
Winter's Bone,7.1,6.408063671,1940
Winter's Tale,6.1,5.058121974,109191
Wish I Was Here,6.6,6.04194319,70641
Witchboard,5.7,5.687592132,5172
Without Limits,7.2,7.181674381,99143
Without a Paddle,5.8,4.937147496,65585
Witless Protection,3.4,3.8793676,5829
Wolf,6.3,5.595304632,382
Woman Thou Art Loosed,6.6,6.022145282,3837
Woman on Top,5.3,4.233369143,3595
Won't Back Down,6.4,4.818234863,84950
Wonder Boys,7.2,6.487726132,36397
Wonderland,6.5,5.913768895,6769
Wordplay,7.4,7.162564724,46850
World Trade Center,6.0,4.542747733,46974
World War Z,7.0,5.956678202,103249
World's Greatest Dad,6.9,5.701688193,4879
Wrath of the Titans,5.7,4.3123372,93766
Wreck-It Ralph,7.7,7.405254973,97913
Wrong Turn,6.1,5.531087741,6659
Wuthering Heights,7.5,6.689397271,60832
Wyatt Earp,6.7,5.826892579,383
X-Men,7.3,6.49206263,3793
X-Men Origins: Wolverine,6.5,5.947650179,68319
X-Men: Days of Future Past,7.9,7.206530226,111362
X-Men: First Class,7.7,6.52730165,87232
X-Men: The Last Stand,6.6,5.2504825,45499
Year One,4.9,4.12797517,69436
Yeh Jawaani Hai Deewani,7.3,6.360633494,2682
Yes Man,6.8,6.494203167,64969
Yesterday Was a Lie,5.2,4.297505904,102119
Yogi Bear,4.6,4.134488679,83177
You Again,5.7,5.08111131,7361
You Don't Mess with the Zohan,5.6,4.26603734,59900
You Got Served,3.9,3.545900018,6502
You Kill Me,6.4,5.809789402,2809
You Only Live Twice,6.8,6.175733026,126420
You've Got Mail,6.7,6.032831469,2424
"You, Me and Dupree",5.6,5.097919476,45726
Young Frankenstein,8.0,7.071382012,910
Your Highness,5.5,3.906260588,87529
Your Sister's Sister,6.7,5.634782943,95135
"Yours, Mine and Ours",7.1,6.678242897,26198
Zack and Miri Make a Porno,6.5,5.664954636,3512
Zero Dark Thirty,7.4,6.505783452,98961
Zero Effect,6.9,6.224851039,87298
Zipper,5.8,5.342664561,8485
Zodiac,7.7,6.295963219,51540
Zombieland,7.5,6.848380713,82744
Zookeeper,5.2,4.388724656,87867
Zoolander,6.5,5.833309823,379
Zoom,4.4,3.324847884,64231
eXistenZ,6.8,5.867615069,2914
xXx,5.8,4.628135461,5507
xXx: State of the Union,4.5,2.774680335,33158
